phi_rad,SP,LP,LD,T22,T26
-3.141592653589793,0.00019634925456757423,0.0028208142969927135,0.0014997680654257333,-0.004295898269084996,0.007324031689690647
-3.129026282975434,0.00024127345587173396,0.002865738498296873,0.001544692266729893,-0.004250974067780837,0.0073689558909948065
-3.1164599123610746,0.0002861905631237299,0.002910655605548869,0.001589609373981889,-0.004206056960528841,0.007413872998246802
-3.1038935417467157,0.00033109348339162975,0.002955558525816769,0.0016345122942497887,-0.004161154040260941,0.007458775918514703
-3.0913271711323564,0.0003759751259837952,0.0030004401684089344,0.0016793939368419542,-0.004116272397668775,0.007503657561106868
-3.078760800517997,0.00042082840356857487,0.0030452934459937143,0.001724247214426734,-0.004071419120083995,0.007548510838691648
-3.066194429903638,0.00046564623329348247,0.0030901112757186215,0.0017690650441516415,-0.004026601290359088,0.0075933286684165555
-3.053628059289279,0.000510421537903658,0.003134886580328797,0.001813840348761817,-0.003981825985748913,0.007638103973026731
-3.0410616886749198,0.0005551472468594549,0.003179612289284594,0.001858566057717614,-0.003937100276793115,0.007682829681982528
-3.0284953180605605,0.0005998162974529507,0.00322428133987809,0.0019032351083111097,-0.00389243122619962,0.0077274987325760235
-3.015928947446201,0.0006444216359232365,0.0032688866783483757,0.0019478404467813955,-0.003847825887729334,0.00777210407104631
-3.0033625768318424,0.0006889562185702849,0.003313421260995424,0.001992375029428444,-0.0038032913050822857,0.007816638653693357
-2.990796206217483,0.0007334130128672378,0.003357878055292377,0.0020368318237253967,-0.003758834510785333,0.00786109544799031
-2.978229835603124,0.0007777849985709145,0.0034022500409960537,0.0020812038094290735,-0.003714462525081656,0.007905467433693988
-2.9656634649887645,0.0008220651688303961,0.0034465302112555354,0.002125483979688555,-0.0036701823548221744,0.007949747603953469
-2.9530970943744057,0.0008662465312934851,0.0034907115737186243,0.002169665342151644,-0.0036260009923590854,0.007993928966416559
-2.9405307237600464,0.000910322109210885,0.0035347871516360242,0.002213740920069044,-0.0035819254144416855,0.008038004544333958
-2.927964353145687,0.0009542849425379009,0.00357874998496304,0.0022577037533960597,-0.00353796258111467,0.008081967377660974
-2.915397982531328,0.000998128089033517,0.003622593131458656,0.0023015468998916757,-0.003494119434619054,0.00812581052415659
-2.9028316119169686,0.0010418446253566559,0.003666309667781795,0.002345263436214815,-0.0034504028982959146,0.008169527060479728
-2.8902652413026098,0.0010854276481594522,0.0037098926905845915,0.0023888464590176113,-0.0034068198754931183,0.008213110083282524
-2.8776988706882505,0.0011288702751773782,0.003753335317602517,0.002432289086035537,-0.0033633772484751925,0.00825655271030045
-2.865132500073891,0.0011721656463160235,0.0037966306887411627,0.0024755844571741825,-0.003320081877336547,0.008299848081439095
-2.8525661294595324,0.0012153069247343876,0.0038397719671595266,0.0025187257355925464,-0.003276940598918183,0.00834298935985746
-2.839999758845173,0.0012582872979245018,0.003882752340349641,0.002561706108782661,-0.0032339602257280687,0.008385969733047574
-2.827433388230814,0.0013010999787871934,0.003925565021212333,0.0026045187896453527,-0.003191147544865377,0.008428782413910266
-2.8148670176164545,0.0013437382067038545,0.0039682032491289935,0.0026471570175620133,-0.0031485093169487163,0.008471420641826927
-2.8023006470020952,0.0013861952486040182,0.0040106602910291575,0.0026896140594621773,-0.0031060522750485523,0.008513877683727092
-2.7897342763877364,0.0014284644000285898,0.004052929442453729,0.002731883210886749,-0.0030637831236239805,0.008556146835151662
-2.777167905773377,0.0014705389861885629,0.004095004028613702,0.0027739577970467217,-0.003021708537464008,0.008598221421311636
-2.764601535159018,0.0015124123630190368,0.004136877405444176,0.002815831173877196,-0.0029798351606335335,0.008640094798142109
-2.7520351645446586,0.001554077918228399,0.004178542960653538,0.002857496729086558,-0.0029381696054241718,0.008681760353351472
-2.7394687939302997,0.0015955290723424773,0.004219994114767617,0.0028989478832006366,-0.002896718451310093,0.00872321150746555
-2.7269024233159405,0.0016367592797435237,0.0042612243221686625,0.0029401780906016827,-0.002855488243909047,0.008764441714866596
-2.714336052701581,0.001677762029703832,0.004302227072128972,0.002981180840561991,-0.0028144854939487385,0.008805444464826905
-2.701769682087222,0.0017185308474138646,0.004342995889839003,0.0030219496582720236,-0.002773716676238706,0.008846213282536937
-2.689203311472863,0.0017590592950046966,0.0043835243374298356,0.0030624781058628554,-0.002733188228647874,0.008886741730127769
-2.676636940858504,0.0017993409725646351,0.004423806014989774,0.003102759783422794,-0.0026929065510879354,0.008927023407687707
-2.6640705702441445,0.0018393695191498327,0.004463834561574972,0.003142788330007992,-0.0026528780045027376,0.008967051954272906
-2.6515041996297852,0.0018791386137887577,0.004503603656213897,0.0031825574246469165,-0.002613108909863813,0.009006821048911831
-2.6389378290154264,0.0019186419764803471,0.004543107018905486,0.003222060787338506,-0.0025736055471722234,0.00904632441160342
-2.626371458401067,0.001957873369185697,0.004582338411610836,0.003261292180043856,-0.0025343741544668736,0.00908555580430877
-2.613805087786708,0.0019968265968131134,0.004621291639238252,0.0033002454076712724,-0.002495420926839457,0.009124509031936186
-2.6012387171723486,0.002035495508196394,0.004659960550621533,0.003338914319054553,-0.0024567520154561767,0.009163177943319467
-2.5886723465579893,0.002073873997066167,0.004698339039491306,0.003377292807924326,-0.0024183735265864035,0.009201556432189239
-2.5761059759436304,0.0021119560030141405,0.00473642104543928,0.0034153748138722995,-0.00238029152063843,0.009239638438137214
-2.563539605329271,0.0021497355124501178,0.004774200554875257,0.003453154323308277,-0.0023425120112024527,0.00927741794757319
-2.550973234714912,0.0021872065595516035,0.004811671601976743,0.0034906253704097626,-0.002305040964100967,0.009314888994674676
-2.538406864100553,0.002224363227205881,0.00484882826963102,0.00352778203806404,-0.0022678842964466896,0.009352045662328954
-2.5258404934861938,0.0022611996479443962,0.0048856646903695355,0.0035646184588025553,-0.0022310478757081743,0.009388882083067469
-2.5132741228718345,0.0022977100048692926,0.004922175047294431,0.0036011288157274516,-0.002194537518783278,0.009425392439992365
-2.500707752257475,0.002333888532571969,0.004958353574997108,0.003637307343430128,-0.0021583589910806017,0.009461570967695041
-2.488141381643116,0.0023697295180435075,0.004994194560468647,0.0036731483289016665,-0.002122518005609063,0.009497411953166581
-2.475575011028757,0.0024052273015768184,0.005029692344001958,0.0037086461124349775,-0.002087020222075752,0.009532909736699891
-2.463008640414398,0.0024403762776603814,0.005064841320085521,0.0037437950885185404,-0.002051871245992189,0.009568058712783455
-2.4504422698000385,0.0024751708958634113,0.005099635938288551,0.0037785897067215703,-0.0020170766277891592,0.009602853330986484
-2.4378758991856793,0.0025096056617123423,0.005134070704137482,0.0038130244725705013,-0.0019826418619402282,0.009637288096835415
-2.4253095285713204,0.002543675137558465,0.005168140179983604,0.003847093948416624,-0.0019485723860941054,0.009671357572681538
-2.412743157956961,0.0025773739434365992,0.005201838985861738,0.0038807927542947583,-0.0019148735802159713,0.009705056378559672
-2.400176787342602,0.0026106967579146477,0.005235161800339787,0.003914115568772807,-0.0018815507657379228,0.00973837919303772
-2.3876104167282426,0.0026436383189339134,0.005268103361359053,0.003947057129792072,-0.0018486092047186571,0.009771320754056987
-2.3750440461138833,0.002676193424640041,0.00530065846706518,0.0039796122354981995,-0.0018160540990125296,0.009803875859763113
-2.3624776754995245,0.0027083569342044467,0.005332821976629586,0.004011775745062606,-0.0017838905894481238,0.00983603936932752
-2.349911304885165,0.0027401237686361228,0.0053645888110612616,0.004043542579494281,-0.0017521237550164478,0.009867806203759195
-2.337344934270806,0.0027714889115836574,0.005395953954008797,0.0040749077224418164,-0.001720758612068913,0.009899171346706731
-2.324778563656447,0.002802447410127382,0.005426912452552521,0.004105866220985541,-0.0016898001135251884,0.009930129845250456
-2.312212193042088,0.002832994375561497,0.005457459417986636,0.004136413186419656,-0.0016592531480910735,0.00996067681068457
-2.2996458224277285,0.0028631249841660467,0.005487590026591186,0.004166543795024206,-0.0016291225394865238,0.00999080741928912
-2.2870794518133692,0.0028928344779686485,0.005517299520393788,0.004196253288826808,-0.001599413045683922,0.01002051691309172
-2.27451308119901,0.0029221181654958263,0.005546583207920966,0.004225536976353986,-0.0015701293581567442,0.0100498006006189
-2.261946710584651,0.002950971422513852,0.005575436464938991,0.004254390233372011,-0.0015412761011387183,0.010078653857636925
-2.249380339970292,0.0029793896927589668,0.005603854735184106,0.004282808503617126,-0.0015128578308936038,0.01010707212788204
-2.2368139693559326,0.003007368488656863,0.005631833531082002,0.004310787299515022,-0.0014848790349957074,0.010135050923779936
-2.2242475987415737,0.003034903392031327,0.005659368434456466,0.004338322202889486,-0.0014573441316212436,0.010162585827154399
-2.2116812281272145,0.0030619900548019222,0.0056864550972270615,0.004365408865660081,-0.0014302574688506483,0.010189672489924995
-2.199114857512855,0.003088624199670599,0.005713089242095739,0.004392043010528758,-0.0014036233239819716,0.010216306634793672
-2.186548486898496,0.003114801620797129,0.005739266663222269,0.004418220431655288,-0.0013774459028554416,0.010242484055920202
-2.1739821162841366,0.003140518184463258,0.005764983226888397,0.004443936995321417,-0.0013517293391893124,0.010268200619586332
-2.1614157456697773,0.003165769829725468,0.005790234872150607,0.004469188640583627,-0.0013264776939271024,0.01029345226484854
-2.1488493750554185,0.0031905525690562445,0.005815017611481383,0.004493971379914403,-0.001301694954596326,0.010318235004179317
-2.1362830044410592,0.0032148624889737575,0.005839327531398897,0.004518281299831917,-0.001277385034678813,0.01034254492409683
-2.1237166338267004,0.0032386957506598418,0.005863160793084981,0.004542114561518,-0.0012535517729927287,0.010366378185782914
-2.111150263212341,0.0032620485905661945,0.005886513632991334,0.004565467401424354,-0.001230198933086376,0.010389731025689268
-2.098583892597982,0.003284917321008679,0.005909382363433818,0.004588336131866838,-0.0012073302026438916,0.010412599756131753
-2.0860175219836226,0.003307298330749655,0.0059317633731747945,0.004610717141607814,-0.0011849491929029157,0.010434980765872728
-2.0734511513692633,0.0033291880855682364,0.005953653127993376,0.004632606896426396,-0.0011630594380843341,0.01045687052069131
-2.060884780754904,0.0033505831288183833,0.005975048171243523,0.004654001939676543,-0.0011416643948341872,0.010478265563941457
-2.0483184101405447,0.003371480081974746,0.005995945124399885,0.004674898892832905,-0.0011207674416778245,0.010499162517097819
-2.035752039526186,0.0033918756451661774,0.006016340687591317,0.004695294456024336,-0.0011003718784863932,0.01051955808028925
-2.0231856689118266,0.003411766597696816,0.006036231640121955,0.004715185408554975,-0.0010804809259557543,0.010539449032819889
-2.0106192982974678,0.0034311497985546734,0.006055614840979813,0.0047345686094128325,-0.001061097725097897,0.010558832233677746
-1.9980529276831083,0.003450022186907639,0.006074487229332778,0.004753440997765798,-0.0010422253367449313,0.010577704622030712
-1.9854865570687492,0.003468380782586815,0.006092845825011954,0.004771799593444974,-0.0010238667410657556,0.010596063217709888
-1.97292018645439,0.003486222686557123,0.006110687728982262,0.004789641497415282,-0.0010060248370954475,0.010613905121680195
-1.9603538158400309,0.0035035450813750975,0.006128010123800237,0.004806963892233257,-0.000988702442277473,0.01063122751649817
-1.9477874452256716,0.003520345231633789,0.006144810274058928,0.004823764042491948,-0.0009719022920187817,0.010648027666756862
-1.9352210746113125,0.0035366204843947178,0.006161085526819857,0.004840039295252877,-0.0009556270392578527,0.01066430291951779
-1.9226547039969533,0.0035523682696068045,0.006176833312031943,0.004855787080464963,-0.000939879254045766,0.010680050704729877
-1.9100883333825942,0.0035675861005122094,0.006192051142937348,0.004871004911370368,-0.0009246614231403611,0.010695268535635282
-1.897521962768235,0.003582271574039023,0.006206736616464162,0.004885690384897182,-0.0009099759496135475,0.010709954009162095
-1.8849555921538759,0.0035964223711807347,0.006220887413605874,0.004899841182038894,-0.0008958251524718358,0.010724104806303807
-1.8723892215395166,0.0036100362573624357,0.006234501299787575,0.004913455068220595,-0.0008822112662901348,0.010737718692485508
-1.8598228509251575,0.00362311108279368,0.006247576125218819,0.004926529893651839,-0.0008691364408588906,0.010750793517916753
-1.8472564803107983,0.0036356447828079642,0.006260109825233104,0.004939063593666124,-0.0008566027408446063,0.010763327217931037
-1.8346901096964392,0.0036476353781887605,0.0062721004206139,0.0049510541890469195,-0.0008446121454638101,0.010775317813311834
-1.82212373908208,0.003659080975482059,0.006283546017907198,0.004962499786340218,-0.0008331665481705114,0.010786763410605131
-1.8095573684677209,0.0036699797672953656,0.006294444809720505,0.004973398578153525,-0.000822267756357205,0.01079766220241844
-1.7969909978533616,0.0036803300325831106,0.00630479507500825,0.00498374884344127,-0.0008119174910694599,0.010808012467706183
-1.7844246272390023,0.0036901301369184195,0.006314595179343558,0.004993548947776578,-0.000802117386734151,0.010817812572041492
-1.7718582566246432,0.003699378532751213,0.006323843575176352,0.005002797343609372,-0.0007928689909013575,0.010827060967874285
-1.759291886010284,0.0037080737596525775,0.006332538802077717,0.005011492570510737,-0.000784173763999993,0.01083575619477565
-1.746725515395925,0.0037162144445453873,0.0063406794869705265,0.005019633255403546,-0.0007760330791071832,0.01084389687966846
-1.7341591447815656,0.0037237993019211277,0.006348264344346267,0.005027218112779287,-0.0007684482217314428,0.0108514817370442
-1.7215927741672066,0.003730827134042893,0.006355292176468032,0.005034245944901052,-0.0007614203896096775,0.010858509569165967
-1.7090264035528473,0.0037372968311345216,0.006361761873559661,0.005040715641992681,-0.0007549506925180489,0.010864979266257594
-1.6964600329384882,0.0037432073715558435,0.006367672413980983,0.0050466261824140025,-0.000749040152096727,0.010870889806678916
-1.683893662324129,0.003748557821964009,0.006373022864389148,0.005051976632822168,-0.0007436897016885615,0.010876240257087081
-1.67132729170977,0.0037533473374608754,0.006377812379886015,0.005056766148319035,-0.0007389001861916951,0.010881029772583949
-1.6587609210954106,0.0037575751617264226,0.006382040204151562,0.005060993972584582,-0.0007346723619261479,0.010885257596849496
-1.6461945504810516,0.003761240627138189,0.006385705669563329,0.005064659437996348,-0.0007310068965143816,0.010888923062261262
-1.6336281798666923,0.0037643431548766947,0.006388808197301834,0.005067761965734854,-0.0007279043687758759,0.010892025589999767
-1.6210618092523332,0.003766882255016844,0.006391347297441983,0.005070301065875003,-0.0007253652686357265,0.010894564690139916
-1.608495438637974,0.003768857526605291,0.00639332256903043,0.00507227633746345,-0.0007233899970472794,0.010896539961728364
-1.595929068023615,0.0037702686577237533,0.0063947337001488925,0.005073687468581912,-0.0007219788659288172,0.010897951092846827
-1.5833626974092556,0.0037711154255382698,0.006395580467963409,0.005074534236396429,-0.0007211320981143007,0.010898797860661343
-1.5707963267948966,0.0037713976963343852,0.0063958627387595245,0.005074816507192544,-0.0007208498273181853,0.010899080131457458
-1.5582299561805373,0.0037711154255382698,0.006395580467963409,0.005074534236396429,-0.0007211320981143007,0.010898797860661343
-1.5456635855661782,0.0037702686577237533,0.0063947337001488925,0.005073687468581912,-0.0007219788659288172,0.010897951092846827
-1.533097214951819,0.003768857526605291,0.00639332256903043,0.00507227633746345,-0.0007233899970472794,0.010896539961728364
-1.5205308443374597,0.003766882255016844,0.006391347297441983,0.005070301065875003,-0.0007253652686357265,0.010894564690139916
-1.5079644737231006,0.0037643431548766947,0.006388808197301834,0.005067761965734854,-0.0007279043687758759,0.010892025589999767
-1.4953981031087413,0.003761240627138189,0.006385705669563329,0.005064659437996348,-0.0007310068965143816,0.010888923062261262
-1.4828317324943823,0.0037575751617264226,0.006382040204151562,0.005060993972584582,-0.0007346723619261479,0.010885257596849496
-1.470265361880023,0.0037533473374608754,0.006377812379886015,0.005056766148319035,-0.0007389001861916951,0.010881029772583949
-1.457698991265664,0.003748557821964009,0.006373022864389148,0.005051976632822168,-0.0007436897016885615,0.010876240257087081
-1.4451326206513047,0.003743207371555843,0.006367672413980983,0.0050466261824140025,-0.0007490401520967274,0.010870889806678916
-1.4325662500369456,0.003737296831134521,0.006361761873559661,0.005040715641992681,-0.0007549506925180493,0.010864979266257594
-1.4199998794225863,0.0037308271340428926,0.006355292176468031,0.005034245944901051,-0.0007614203896096779,0.010858509569165965
-1.4074335088082273,0.0037237993019211273,0.006348264344346266,0.005027218112779286,-0.0007684482217314432,0.0108514817370442
-1.394867138193868,0.003716214444545387,0.0063406794869705265,0.005019633255403546,-0.0007760330791071837,0.01084389687966846
-1.382300767579509,0.003708073759652577,0.006332538802077716,0.005011492570510736,-0.0007841737639999935,0.010835756194775649
-1.3697343969651496,0.003699378532751213,0.006323843575176352,0.005002797343609372,-0.0007928689909013575,0.010827060967874285
-1.3571680263507906,0.0036901301369184195,0.006314595179343558,0.004993548947776578,-0.000802117386734151,0.010817812572041492
-1.3446016557364313,0.00368033003258311,0.00630479507500825,0.00498374884344127,-0.0008119174910694604,0.010808012467706183
-1.3320352851220723,0.003669979767295365,0.006294444809720504,0.004973398578153524,-0.0008222677563572054,0.010797662202418437
-1.319468914507713,0.0036590809754820587,0.0062835460179071975,0.004962499786340217,-0.0008331665481705118,0.010786763410605131
-1.306902543893354,0.0036476353781887605,0.0062721004206139,0.0049510541890469195,-0.0008446121454638101,0.010775317813311834
-1.2943361732789946,0.003635644782807964,0.006260109825233103,0.004939063593666123,-0.0008566027408446067,0.010763327217931037
-1.2817698026646356,0.0036231110827936795,0.006247576125218819,0.004926529893651839,-0.000869136440858891,0.010750793517916753
-1.2692034320502763,0.0036100362573624357,0.006234501299787575,0.004913455068220595,-0.0008822112662901348,0.010737718692485508
-1.256637061435917,0.0035964223711807347,0.006220887413605874,0.004899841182038894,-0.0008958251524718358,0.010724104806303807
-1.244070690821558,0.0035822715740390226,0.006206736616464162,0.004885690384897182,-0.0009099759496135479,0.010709954009162095
-1.2315043202071987,0.003567586100512209,0.006192051142937348,0.004871004911370368,-0.0009246614231403615,0.010695268535635282
-1.2189379495928396,0.003552368269606804,0.006176833312031943,0.004855787080464963,-0.0009398792540457664,0.010680050704729877
-1.2063715789784804,0.003536620484394717,0.006161085526819856,0.004840039295252876,-0.0009556270392578536,0.010664302919517789
-1.1938052083641213,0.0035203452316337884,0.006144810274058927,0.004823764042491947,-0.0009719022920187822,0.01064802766675686
-1.181238837749762,0.003503545081375097,0.006128010123800236,0.004806963892233256,-0.0009887024422774735,0.01063122751649817
-1.168672467135403,0.0034862226865571225,0.006110687728982262,0.004789641497415282,-0.001006024837095448,0.010613905121680195
-1.1561060965210437,0.003468380782586814,0.006092845825011953,0.004771799593444973,-0.0010238667410657565,0.010596063217709888
-1.1435397259066846,0.0034500221869076387,0.006074487229332778,0.004753440997765798,-0.0010422253367449318,0.010577704622030712
-1.1309733552923253,0.0034311497985546734,0.006055614840979813,0.0047345686094128325,-0.001061097725097897,0.010558832233677746
-1.118406984677966,0.003411766597696815,0.006036231640121954,0.004715185408554974,-0.0010804809259557556,0.010539449032819889
-1.1058406140636072,0.003391875645166177,0.006016340687591316,0.0046952944560243355,-0.0011003718784863936,0.01051955808028925
-1.093274243449248,0.0033714800819747456,0.005995945124399885,0.004674898892832905,-0.001120767441677825,0.010499162517097819
-1.0807078728348887,0.003350583128818382,0.005975048171243521,0.004654001939676541,-0.0011416643948341885,0.010478265563941455
-1.0681415022205294,0.0033291880855682355,0.005953653127993374,0.004632606896426394,-0.001163059438084335,0.010456870520691308
-1.0555751316061706,0.003307298330749655,0.0059317633731747945,0.004610717141607814,-0.0011849491929029157,0.010434980765872728
-1.0430087609918113,0.0032849173210086785,0.005909382363433817,0.004588336131866837,-0.001207330202643892,0.01041259975613175
-1.030442390377452,0.0032620485905661945,0.005886513632991334,0.004565467401424354,-0.001230198933086376,0.010389731025689268
-1.0178760197630927,0.0032386957506598418,0.005863160793084981,0.004542114561518,-0.0012535517729927287,0.010366378185782914
-1.0053096491487339,0.003214862488973757,0.005839327531398896,0.004518281299831916,-0.0012773850346788134,0.010342544924096829
-0.9927432785343746,0.003190552569056244,0.005815017611481383,0.004493971379914403,-0.0013016949545963264,0.010318235004179317
-0.9801769079200153,0.0031657698297254673,0.005790234872150607,0.004469188640583627,-0.0013264776939271032,0.01029345226484854
-0.967610537305656,0.0031405181844632573,0.0057649832268883965,0.004443936995321416,-0.0013517293391893132,0.01026820061958633
-0.9550441666912968,0.003114801620797128,0.005739266663222267,0.004418220431655287,-0.0013774459028554425,0.0102424840559202
-0.9424777960769379,0.003088624199670599,0.005713089242095739,0.004392043010528758,-0.0014036233239819716,0.010216306634793672
-0.9299114254625787,0.0030619900548019222,0.0056864550972270615,0.004365408865660081,-0.0014302574688506483,0.010189672489924995
-0.9173450548482194,0.0030349033920313265,0.005659368434456465,0.004338322202889485,-0.001457344131621244,0.010162585827154399
-0.9047786842338601,0.0030073684886568618,0.005631833531082001,0.00431078729951502,-0.0014848790349957087,0.010135050923779934
-0.8922123136195013,0.0029793896927589668,0.005603854735184106,0.004282808503617126,-0.0015128578308936038,0.01010707212788204
-0.879645943005142,0.0029509714225138517,0.005575436464938991,0.004254390233372011,-0.0015412761011387188,0.010078653857636925
-0.8670795723907827,0.0029221181654958245,0.005546583207920964,0.004225536976353984,-0.001570129358156746,0.010049800600618898
-0.8545132017764234,0.002892834477968647,0.005517299520393786,0.004196253288826806,-0.0015994130456839237,0.01002051691309172
-0.8419468311620646,0.0028631249841660467,0.005487590026591186,0.004166543795024206,-0.0016291225394865238,0.00999080741928912
-0.8293804605477053,0.0028329943755614965,0.005457459417986636,0.004136413186419656,-0.001659253148091074,0.00996067681068457
-0.816814089933346,0.002802447410127382,0.005426912452552521,0.004105866220985541,-0.0016898001135251884,0.009930129845250456
-0.8042477193189868,0.002771488911583656,0.005395953954008796,0.004074907722441816,-0.0017207586120689144,0.00989917134670673
-0.7916813487046279,0.0027401237686361223,0.0053645888110612616,0.004043542579494281,-0.0017521237550164482,0.009867806203759195
-0.7791149780902686,0.0027083569342044467,0.005332821976629586,0.004011775745062606,-0.0017838905894481238,0.00983603936932752
-0.7665486074759094,0.002676193424640039,0.005300658467065178,0.003979612235498198,-0.0018160540990125314,0.009803875859763111
-0.7539822368615501,0.0026436383189339116,0.005268103361359051,0.003947057129792071,-0.0018486092047186589,0.009771320754056984
-0.7414158662471912,0.0026106967579146473,0.005235161800339786,0.003914115568772806,-0.0018815507657379232,0.00973837919303772
-0.728849495632832,0.0025773739434365992,0.005201838985861738,0.0038807927542947583,-0.0019148735802159713,0.009705056378559672
-0.7162831250184727,0.0025436751375584646,0.005168140179983604,0.0038470939484166237,-0.0019485723860941059,0.009671357572681538
-0.7037167544041134,0.002509605661712341,0.00513407070413748,0.0038130244725705,-0.0019826418619402295,0.009637288096835414
-0.6911503837897541,0.00247517089586341,0.005099635938288549,0.003778589706721569,-0.0020170766277891605,0.009602853330986483
-0.6785840131753953,0.002440376277660381,0.00506484132008552,0.00374379508851854,-0.0020518712459921895,0.009568058712783455
-0.666017642561036,0.002405227301576818,0.005029692344001958,0.003708646112434977,-0.0020870202220757525,0.009532909736699891
-0.6534512719466767,0.0023697295180435058,0.004994194560468645,0.003673148328901665,-0.0021225180056090647,0.009497411953166578
-0.6408849013323175,0.0023338885325719675,0.004958353574997107,0.0036373073434301266,-0.002158358991080603,0.009461570967695041
-0.6283185307179586,0.002297710004869292,0.004922175047294431,0.003601128815727451,-0.0021945375187832784,0.009425392439992365
-0.6157521601035993,0.002261199647944396,0.0048856646903695355,0.003564618458802555,-0.0022310478757081747,0.009388882083067469
-0.6031857894892401,0.0022243632272058804,0.00484882826963102,0.0035277820380640395,-0.00226788429644669,0.009352045662328954
-0.5906194188748808,0.002187206559551602,0.004811671601976741,0.003490625370409761,-0.0023050409641009687,0.009314888994674675
-0.578053048260522,0.0021497355124501173,0.004774200554875256,0.0034531543233082764,-0.002342512011202453,0.00927741794757319
-0.5654866776461627,0.00211195600301414,0.004736421045439279,0.003415374813872299,-0.0023802915206384305,0.009239638438137212
-0.5529203070318034,0.0020738739970661653,0.0046983390394913045,0.0033772928079243243,-0.0024183735265864053,0.009201556432189237
-0.5403539364174441,0.0020354955081963925,0.004659960550621532,0.0033389143190545516,-0.002456752015456178,0.009163177943319466
-0.5277875658030853,0.001996826596813113,0.004621291639238252,0.003300245407671272,-0.0024954209268394575,0.009124509031936186
-0.515221195188726,0.001957873369185697,0.004582338411610836,0.003261292180043856,-0.0025343741544668736,0.00908555580430877
-0.5026548245743667,0.0019186419764803467,0.004543107018905486,0.0032220607873385057,-0.002573605547172224,0.00904632441160342
-0.49008845396000744,0.001879138613788756,0.004503603656213895,0.0031825574246469148,-0.0026131089098638148,0.00900682104891183
-0.4775220833456486,0.0018393695191498325,0.004463834561574972,0.0031427883300079915,-0.002652878004502738,0.008967051954272906
-0.46495571273128933,0.001799340972564635,0.004423806014989774,0.0031027597834227937,-0.002692906551087936,0.008927023407687707
-0.45238934211693005,0.0017590592950046961,0.0043835243374298356,0.0030624781058628554,-0.002733188228647874,0.008886741730127769
-0.43982297150257077,0.0017185308474138626,0.004342995889839002,0.0030219496582720214,-0.002773716676238708,0.008846213282536935
-0.4272566008882115,0.00167776202970383,0.004302227072128969,0.002981180840561989,-0.0028144854939487407,0.008805444464826903
-0.41469023027385266,0.0016367592797435235,0.0042612243221686625,0.0029401780906016823,-0.0028554882439090472,0.008764441714866596
-0.4021238596594934,0.0015955290723424769,0.004219994114767616,0.0028989478832006357,-0.002896718451310094,0.00872321150746555
-0.3895574890451341,0.0015540779182283968,0.004178542960653536,0.002857496729086556,-0.0029381696054241735,0.00868176035335147
-0.3769911184307748,0.001512412363019035,0.0041368774054441745,0.0028158311738771943,-0.0029798351606335352,0.008640094798142107
-0.364424747816416,0.0014705389861885624,0.004095004028613702,0.0027739577970467217,-0.003021708537464008,0.008598221421311635
-0.3518583772020567,0.0014284644000285894,0.004052929442453728,0.0027318832108867482,-0.0030637831236239813,0.008556146835151662
-0.3392920065876974,0.0013861952486040163,0.004010660291029156,0.0026896140594621755,-0.003106052275048554,0.008513877683727088
-0.32672563597333815,0.0013437382067038523,0.003968203249128992,0.0026471570175620115,-0.003148509316948718,0.008471420641826925
-0.3141592653589793,0.001301099978787193,0.003925565021212332,0.002604518789645352,-0.0031911475448653777,0.008428782413910266
-0.30159289474462003,0.0012582872979245013,0.0038827523403496406,0.0025617061087826604,-0.003233960225728069,0.008385969733047574
-0.28902652413026075,0.0012153069247343871,0.0038397719671595266,0.0025187257355925464,-0.003276940598918183,0.00834298935985746
-0.2764601535159015,0.0011721656463160215,0.003796630688741161,0.0024755844571741807,-0.003320081877336549,0.008299848081439094
-0.26389378290154264,0.0011288702751773778,0.003753335317602517,0.002432289086035537,-0.0033633772484751925,0.00825655271030045
-0.25132741228718336,0.0010854276481594518,0.003709892690584591,0.002388846459017611,-0.0034068198754931187,0.008213110083282524
-0.23876104167282408,0.0010418446253566537,0.003666309667781793,0.0023452634362148127,-0.003450402898295917,0.008169527060479726
-0.2261946710584648,0.000998128089033515,0.003622593131458654,0.002301546899891674,-0.0034941194346190555,0.008125810524156587
-0.21362830044410597,0.0009542849425379004,0.0035787499849630395,0.0022577037533960593,-0.0035379625811146702,0.008081967377660973
-0.2010619298297467,0.0009103221092108846,0.003534787151636024,0.0022137409200690436,-0.003581925414441686,0.008038004544333958
-0.1884955592153874,0.0008662465312934848,0.003490711573718624,0.0021696653421516437,-0.003626000992359086,0.007993928966416557
-0.17592918860102813,0.0008220651688303942,0.0034465302112555336,0.0021254839796885534,-0.003670182354822176,0.007949747603953467
-0.16336281798666885,0.0007777849985709126,0.003402250040996052,0.0020812038094290717,-0.003714462525081658,0.007905467433693985
-0.15079644737231002,0.0007334130128672374,0.0033578780552923765,0.0020368318237253963,-0.0037588345107853333,0.00786109544799031
-0.13823007675795074,0.0006889562185702846,0.0033134212609954236,0.0019923750294284434,-0.003803291305082286,0.007816638653693357
-0.12566370614359146,0.0006444216359232346,0.003268886678348374,0.0019478404467813937,-0.003847825887729336,0.007772104071046307
-0.11309733552923218,0.0005998162974529488,0.0032242813398780878,0.0019032351083111078,-0.003892431226199622,0.007727498732576022
-0.10053096491487334,0.0005551472468594545,0.0031796122892845937,0.0018585660577176135,-0.003937100276793116,0.007682829681982527
-0.08796459430051407,0.0005104215379036575,0.0031348865803287967,0.0018138403487618165,-0.003981825985748913,0.007638103973026731
-0.07539822368615479,0.0004656462332934804,0.00309011127571862,0.0017690650441516394,-0.00402660129035909,0.007593328668416553
-0.06283185307179551,0.0004208284035685728,0.003045293445993712,0.001724247214426732,-0.004071419120083998,0.007548510838691645
-0.05026548245743667,0.00037597512598379476,0.003000440168408934,0.0016793939368419538,-0.004116272397668775,0.007503657561106868
-0.03769911184307739,0.0003310934833916293,0.0029555585258167687,0.0016345122942497885,-0.0041611540402609415,0.007458775918514702
-0.025132741228718114,0.00028619056312372785,0.002910655605548867,0.001589609373981887,-0.004206056960528843,0.0074138729982468005
-0.012566370614358835,0.00024127345587173193,0.0028657384982968713,0.001544692266729891,-0.0042509740677808385,0.007368955890994805
0.0,0.0001963492545675738,0.002820814296992713,0.0014997680654257328,-0.004295898269084997,0.0073240316896906466
0.012566370614359279,0.0001514250532634141,0.0027758900956885535,0.001454843864121573,-0.004340822470389157,0.007279107488386487
0.025132741228718558,0.00010650794601141813,0.0027309729884365573,0.0014099267568695771,-0.004385739577641152,0.007234190381134491
0.03769911184307784,6.160502574351672e-05,0.002686070068168656,0.0013650238366016757,-0.004430642497909054,0.00718928746086659
0.05026548245743667,1.672338315135283e-05,0.002641188425576492,0.0013201421940095119,-0.004475524140501218,0.007144405818274425
0.06283185307179595,-2.812989443342682e-05,0.0025963351479917126,0.0012752889164247322,-0.004520377418085997,0.007099552540689646
0.07539822368615523,-7.294772415833439e-05,0.002551517318266805,0.0012304710866998247,-0.004565195247810905,0.0070547347109647385
0.08796459430051451,-0.00011772302876851152,0.0025067420136566276,0.0011856957820896474,-0.004609970552421082,0.007009959406354562
0.10053096491487379,-0.0001624487377243085,0.0024620163047008306,0.0011409700731338506,-0.004654696261376879,0.006965233697398764
0.11309733552923262,-0.00020711778831780268,0.0024173472541073365,0.0010963010225403563,-0.004699365311970374,0.00692056464680527
0.1256637061435919,-0.0002517231267880886,0.002372741915637051,0.0010516956840700704,-0.004743970650440659,0.006875959308334984
0.13823007675795118,-0.0002962577094351384,0.0023282073329900007,0.0010071611014230205,-0.004788505233087709,0.006831424725687934
0.15079644737231046,-0.0003407145037320913,0.002283750538693048,0.0009627043071260677,-0.004832962027384662,0.006786967931390981
0.1633628179866693,-0.0003850864894357664,0.002239378552989373,0.0009183323214223926,-0.0048773340130883365,0.006742595945687307
0.17592918860102857,-0.0004293666596952481,0.002195098382729891,0.0008740521511629109,-0.004921614183347819,0.006698315775427824
0.18849555921538785,-0.0004735480221583386,0.002150917020266801,0.0008298707886998204,-0.004965795545810909,0.006654134412964734
0.20106192982974713,-0.0005176236000757386,0.0021068414423494005,0.0007857952107824204,-0.005009871123728309,0.0066100588350473345
0.21362830044410597,-0.0005615864334027528,0.0020628786090223865,0.0007418323774554062,-0.005053833957055324,0.00656609600172032
0.22619467105846525,-0.0006054295798983689,0.00201903546252677,0.0006979892309597901,-0.00509767710355094,0.006522252855224704
0.23876104167282453,-0.0006491461162215078,0.0019753189262036314,0.0006542726946366513,-0.005141393639874078,0.006478536318901565
0.2513274122871838,-0.0006927291390243057,0.0019317359034008335,0.0006106896718338533,-0.005184976662676876,0.006434953296098767
0.26389378290154264,-0.0007361717660422302,0.001888293276382909,0.0005672470448159289,-0.005228419289694801,0.006391510669080842
0.2764601535159019,-0.0007794671371808753,0.0018449979052442638,0.0005239516736772837,-0.0052717146608334455,0.006348215297942198
0.2890265241302612,-0.0008226084155992408,0.0018018566268258984,0.0004808103952589182,-0.005314855939251811,0.006305074019523832
0.3015928947446205,-0.000865588788789355,0.0017588762536357842,0.000437830022068804,-0.005357836312441926,0.006262093646333717
0.3141592653589793,-0.0009084014696520454,0.0017160635727730938,0.0003950173412061136,-0.005400648993304616,0.0062192809654710276
0.3267256359733386,-0.0009510396975687065,0.0016734253448564328,0.0003523791132894526,-0.005443287221221277,0.006176642737554366
0.33929200658769787,-0.0009934967394688702,0.001630968302956269,0.0003099220713892888,-0.00548574426312144,0.006134185695654203
0.35185837720205715,-0.0010357658908934433,0.0015886991515316959,0.0002676529199647157,-0.005528013414546014,0.006091916544229629
0.36442474781641643,-0.0010778404770534163,0.0015466245653717229,0.00022557833380474268,-0.005570088000705986,0.006049841958069657
0.37699111843077526,-0.001119713853883889,0.0015047511885412502,0.00018370495697427004,-0.005611961377536459,0.006007968581239184
0.38955748904513454,-0.001161379409093251,0.0014630856333318883,0.00014203940176490807,-0.005653626932745822,0.005966303026029822
0.4021238596594938,-0.001202830563207331,0.0014216344792178082,0.00010058824765082799,-0.005695078086859901,0.005924851871915742
0.4146902302738531,-0.0012440607706083772,0.001380404271816762,5.935804024978183e-05,-0.005736308294260948,0.005883621664514695
0.42725660088821193,-0.001285063520568684,0.0013394015218564552,1.835529028947503e-05,-0.0057773110442212545,0.005842618914554389
0.4398229715025712,-0.0013258323382787165,0.0012986327041464227,-2.2413527420557522e-05,-0.005818079861931287,0.005801850096844356
0.4523893421169305,-0.00136636078586955,0.0012581042565555892,-6.294197501139102e-05,-0.005858608309522121,0.005761321649253522
0.46495571273128977,-0.0014066424634294886,0.0012178225789956506,-0.0001032236525713296,-0.005898889987082059,0.005721039971693584
0.4775220833456486,-0.001446671010014685,0.0011777940324104543,-0.00014325219915652587,-0.005938918533667256,0.005681011425108387
0.4900884539600079,-0.0014864401046536097,0.0011380249377715296,-0.00018302129379545065,-0.00597868762830618,0.005641242330469463
0.5026548245743672,-0.0015259434673452004,0.0010985215750799388,-0.00022252465648704136,-0.006018190990997771,0.005601738967777872
0.5152211951887264,-0.0015651748600505504,0.0010592901823745888,-0.0002617560491923914,-0.006057422383703121,0.005562507575072522
0.5277875658030853,-0.0016041280876779656,0.0010203369547471736,-0.0003007092768198066,-0.006096375611330536,0.005523554347445107
0.5403539364174446,-0.001642796999061246,0.0009816680433638932,-0.000339378188203087,-0.006135044522713817,0.0054848854360618265
0.5529203070318038,-0.001681175487931019,0.0009432895544941203,-0.00037775667707285994,-0.006173423011583589,0.005446506947192054
0.5654866776461631,-0.0017192574938789938,0.0009052075485461455,-0.00041583868302083474,-0.006211505017531564,0.005408424941244079
0.578053048260522,-0.0017570370033149697,0.0008674280391101695,-0.0004536181924568107,-0.00624928452696754,0.0053706454318081034
0.5906194188748812,-0.0017945080504164555,0.0008299569920086837,-0.0004910892395582965,-0.0062867555740690265,0.005333174384706617
0.6031857894892405,-0.0018316647180707342,0.0007928003243544051,-0.0005282459072125751,-0.006323912241723305,0.005296017717052339
0.6157521601035998,-0.0018685011388092495,0.0007559639036158897,-0.0005650823279510905,-0.00636074866246182,0.005259181296313823
0.6283185307179591,-0.0019050114957341454,0.0007194535466909938,-0.0006015926848759864,-0.006397259019386716,0.005222670939388927
0.6408849013323179,-0.0019411900234368212,0.000683275018988318,-0.0006377712125786622,-0.006433437547089391,0.005186492411686252
0.6534512719466772,-0.0019770310089083595,0.0006474340335167797,-0.0006736121980502005,-0.0064692785325609296,0.005150651426214714
0.6660176425610365,-0.0020125287924416717,0.0006119362499834675,-0.0007091099815835127,-0.006504776316094242,0.005115153642681401
0.6785840131753957,-0.0020476777685252347,0.0005767872738999045,-0.0007442589576670757,-0.006539925292177805,0.0050800046665978385
0.6911503837897546,-0.0020824723867282633,0.000541992655696876,-0.0007790535758701042,-0.006574719910380834,0.0050452100483948095
0.7037167544041139,-0.0021169071525771943,0.000507557889847945,-0.0008134883417190352,-0.006609154676229765,0.0050107752825458785
0.7162831250184731,-0.002150976628423318,0.0004734884140018213,-0.0008475578175651589,-0.006643224152075888,0.004976705806699755
0.7288494956328324,-0.0021846754343014525,0.0004397896081236867,-0.0008812566234432935,-0.0066769229579540235,0.00494300700082162
0.7414158662471912,-0.0022179982487794997,0.0004064667936456395,-0.0009145794379213407,-0.00671024577243207,0.0049096841863435735
0.7539822368615505,-0.0022509398097987653,0.0003735252326263739,-0.0009475209989406063,-0.006743187333451335,0.004876742625324308
0.7665486074759098,-0.002283494915504893,0.00034097012692024635,-0.0009800761046467339,-0.006775742439157463,0.00484418751961818
0.7791149780902691,-0.0023156584250693,0.0003088066173558392,-0.001012239614211141,-0.0068079059487218705,0.004812024010053773
0.7916813487046279,-0.0023474252595009747,0.0002770397829241645,-0.0010440064486428157,-0.006839672783153545,0.004780257175622098
0.8042477193189872,-0.0023787904024485094,0.00024567463997662983,-0.0010753715915903504,-0.0068710379261010795,0.004748892032674564
0.8168140899333465,-0.0024097489009922354,0.0002147161414329038,-0.0011063300901340764,-0.006901996424644806,0.004717933534130837
0.8293804605477058,-0.0024402958664263502,0.00018416917599878898,-0.0011368770555681912,-0.006932543390078921,0.0046873865686967225
0.8419468311620646,-0.002470426475030899,0.0001540385673942401,-0.00116700766417274,-0.00696267399868347,0.004657255960092173
0.8545132017764239,-0.0025001359688335005,0.0001243290735916387,-0.0011967171579753415,-0.006992383492486071,0.004627546466289573
0.8670795723907831,-0.0025294196563606782,9.504538606446098e-05,-0.0012260008455025192,-0.007021667180013249,0.0045982627787623945
0.8796459430051424,-0.0025582729133787055,6.619212904643377e-05,-0.0012548541025205464,-0.007050520437031276,0.004569409521744367
0.8922123136195017,-0.00258669118362382,3.777385880131918e-05,-0.001283272372765661,-0.00707893870727639,0.004540991251499253
0.904778684233861,-0.002614669979521716,9.795062903423298e-06,-0.001311251168663557,-0.007106917503174286,0.004513012455601357
0.9173450548482203,-0.0026422048828961806,-1.773984047104141e-05,-0.0013387860720380216,-0.007134452406548751,0.0044854775522268926
0.9299114254625787,-0.0026692915456667746,-4.482650324163541e-05,-0.0013658727348086156,-0.007161539069319345,0.004458390889456298
0.9424777960769379,-0.0026959256905354514,-7.146064811031213e-05,-0.0013925068796772923,-0.007188173214188022,0.004431756744587621
0.9550441666912972,-0.0027221031116619813,-9.76380692368421e-05,-0.0014186843008038223,-0.007214350635314552,0.004405579323461091
0.9676105373056565,-0.0027478196753281106,-0.00012335463290297135,-0.0014444008644699515,-0.007240067198980681,0.004379862759794962
0.9801769079200158,-0.00277307132059032,-0.0001486062781651809,-0.001469652509732161,-0.007265318844242891,0.004354611114532753
0.992743278534375,-0.002797854059921097,-0.00017338901749595773,-0.001494435249062938,-0.007290101583573667,0.004329828375201976
1.0053096491487343,-0.002822163979838611,-0.00019769893741347156,-0.0015187451689804518,-0.007314411503491181,0.004305518455284462
1.0178760197630936,-0.0028459972415246955,-0.00022153219909955627,-0.0015425784306665365,-0.007338244765177266,0.004281685193598377
1.030442390377452,-0.002869350081431047,-0.0002448850390059077,-0.0015659312705728879,-0.007361597605083618,0.004258332353692025
1.0430087609918113,-0.002892218811873531,-0.00026775376944839164,-0.0015888000010153718,-0.007384466335526101,0.004235463623249542
1.0555751316061706,-0.0029145998216145073,-0.000290134779189368,-0.0016111810107563482,-0.007406847345267078,0.004213082613508565
1.0681415022205298,-0.002936489576433089,-0.00031202453400794956,-0.0016330707655749298,-0.00742873710008566,0.0041911928586899835
1.0807078728348891,-0.0029578846196832353,-0.0003334195772580961,-0.0016544658088250763,-0.007450132143335806,0.0041697978154398374
1.0932742434492484,-0.0029787815728395985,-0.00035431653041445924,-0.0016753627619814394,-0.007471029096492169,0.004148900862283474
1.1058406140636077,-0.00299917713603103,-0.00037471209360589097,-0.0016957583251728712,-0.007491424659683601,0.004128505299092042
1.118406984677967,-0.003019068088561669,-0.0003946030461365298,-0.00171564927770351,-0.0075113156122142396,0.004108614346561404
1.1309733552923253,-0.003038451289419526,-0.0004139862469943866,-0.0017350324785613668,-0.007530698813072096,0.004089231145703547
1.1435397259066846,-0.003057323677772491,-0.0004328586353473519,-0.0017539048669143321,-0.007549571201425062,0.004070358757350581
1.156106096521044,-0.003075682273451667,-0.0004512172310265276,-0.0017722634625935078,-0.007567929797104238,0.0040520001616714055
1.1686724671354032,-0.0030935241774219754,-0.00046905913499683616,-0.0017901053665638164,-0.0075857717010745455,0.004034158257701098
1.1812388377497625,-0.0031108465722399503,-0.0004863815298148111,-0.0018074277613817913,-0.007603094095892521,0.0040168358628831224
1.1938052083641217,-0.0031276467224986416,-0.0005031816800735024,-0.0018242279116404826,-0.007619894246151213,0.004000035712624431
1.206371578978481,-0.0031439219752595706,-0.0005194569328344314,-0.0018405031644014116,-0.007636169498912141,0.0039837604598635026
1.2189379495928403,-0.0031596697604716574,-0.0005352047180465181,-0.0018562509496134983,-0.007651917284124228,0.003968012674651415
1.2315043202071996,-0.0031748875913770623,-0.000550422548951923,-0.0018714687805189032,-0.007667135115029633,0.0039527948437460105
1.244070690821558,-0.003189573064903875,-0.0005651080224787358,-0.001886154254045716,-0.0076818205885564456,0.003938109370219198
1.2566370614359172,-0.003203723862045587,-0.0005792588196204479,-0.0019003050511874281,-0.007695971385698158,0.003923958573077486
1.2692034320502765,-0.003217337748227288,-0.0005928727058021489,-0.001913918937369129,-0.007709585271879859,0.003910344686895785
1.2817698026646358,-0.0032304125736585323,-0.0006059475312333931,-0.0019269937628003733,-0.007722660097311103,0.0038972698614645404
1.294336173278995,-0.0032429462736728166,-0.0006184812312476774,-0.0019395274628146576,-0.007735193797325388,0.003884736161450256
1.3069025438933544,-0.0032549368690536133,-0.0006304718266284741,-0.0019515180581954543,-0.007747184392706184,0.0038727455660694595
1.3194689145077136,-0.0032663824663469116,-0.0006419174239217723,-0.0019629636554887525,-0.007758629989999482,0.003861299968776161
1.332035285122073,-0.0032772812581602184,-0.0006528162157350792,-0.0019738624473020594,-0.007769528781812789,0.0038504011769628544
1.3446016557364313,-0.0032876315234479626,-0.0006631664810228233,-0.0019842127125898035,-0.0077798790471005335,0.00384005091167511
1.3571680263507906,-0.003297431627783272,-0.0006729665853581327,-0.001994012816925113,-0.007789679151435842,0.003830250807339801
1.3697343969651499,-0.0033066800236160655,-0.0006822149811909262,-0.0020032612127579064,-0.0077989275472686356,0.0038210024115070073
1.3823007675795091,-0.00331537525051743,-0.0006909102080922907,-0.002011956439659271,-0.007807622774170001,0.003812307184605643
1.3948671381938684,-0.0033235159354102397,-0.0006990508929851005,-0.0020200971245520807,-0.00781576345906281,0.003804166499712833
1.4074335088082277,-0.00333110079278598,-0.0007066357503608409,-0.002027681981927821,-0.00782334831643855,0.0037965816423370926
1.419999879422587,-0.0033381286249077454,-0.0007136635824826062,-0.0020347098140495864,-0.007830376148560317,0.0037895538102153273
1.4325662500369463,-0.003344598321999374,-0.0007201332795742348,-0.002041179511141215,-0.007836845845651945,0.0037830841131236987
1.4451326206513055,-0.003350508862420696,-0.0007260438199955567,-0.002047090051562537,-0.007842756386073266,0.003777173572702377
1.457698991265664,-0.0033558593128288614,-0.0007313942704037222,-0.0020524405019707024,-0.007848106836481432,0.0037718231222942113
1.4702653618800232,-0.003360648828325728,-0.0007361837859005886,-0.002057230017467569,-0.007852896351978299,0.003767033606797345
1.4828317324943825,-0.003364876652591275,-0.0007404116101661358,-0.002061457841733116,-0.007857124176243846,0.0037628057825317977
1.4953981031087418,-0.0033685421180030413,-0.0007440770755779021,-0.0020651233071448823,-0.007860789641655612,0.0037591403171200314
1.507964473723101,-0.003371644645741547,-0.0007471796033164078,-0.002068225834883388,-0.007863892169394118,0.0037560377893815257
1.5205308443374603,-0.0033741837458816965,-0.0007497187034565572,-0.0020707649350235374,-0.007866431269534267,0.0037534986892413763
1.5330972149518196,-0.003376159017470144,-0.0007516939750450047,-0.002072740206611985,-0.007868406541122714,0.003751523417652929
1.5456635855661789,-0.003377570148588606,-0.0007531051061634669,-0.002074151337730447,-0.007869817672241177,0.0037501122865344666
1.5582299561805373,-0.003378416916403122,-0.000753951873977983,-0.002074998105544963,-0.007870664440055693,0.0037492655187199506
1.5707963267948966,-0.0033786991871992376,-0.0007542341447740984,-0.0020752803763410786,-0.007870946710851808,0.003748983247923835
1.5833626974092558,-0.003378416916403122,-0.000753951873977983,-0.002074998105544963,-0.007870664440055693,0.0037492655187199506
1.5959290680236151,-0.0033775701485886057,-0.0007531051061634665,-0.0020741513377304467,-0.007869817672241177,0.003750112286534467
1.6084954386379744,-0.0033761590174701435,-0.0007516939750450043,-0.0020727402066119845,-0.007868406541122714,0.0037515234176529293
1.6210618092523337,-0.0033741837458816965,-0.0007497187034565572,-0.0020707649350235374,-0.007866431269534267,0.0037534986892413763
1.633628179866693,-0.003371644645741547,-0.0007471796033164078,-0.002068225834883388,-0.007863892169394118,0.0037560377893815257
1.6461945504810522,-0.0033685421180030413,-0.0007440770755779021,-0.0020651233071448823,-0.007860789641655612,0.0037591403171200314
1.6587609210954106,-0.003364876652591275,-0.0007404116101661358,-0.002061457841733116,-0.007857124176243846,0.0037628057825317977
1.67132729170977,-0.003360648828325728,-0.0007361837859005886,-0.002057230017467569,-0.007852896351978299,0.003767033606797345
1.6838936623241292,-0.0033558593128288614,-0.0007313942704037222,-0.0020524405019707024,-0.007848106836481432,0.0037718231222942113
1.6964600329384885,-0.0033505088624206955,-0.0007260438199955563,-0.0020470900515625365,-0.007842756386073266,0.0037771735727023773
1.7090264035528477,-0.0033445983219993736,-0.0007201332795742344,-0.0020411795111412146,-0.007836845845651945,0.003783084113123699
1.721592774167207,-0.003338128624907745,-0.0007136635824826058,-0.002034709814049586,-0.007830376148560315,0.0037895538102153277
1.7341591447815663,-0.0033311007927859797,-0.0007066357503608405,-0.0020276819819278207,-0.00782334831643855,0.003796581642337093
1.7467255153959256,-0.0033235159354102393,-0.0006990508929851,-0.0020200971245520802,-0.00781576345906281,0.0038041664997128335
1.7592918860102849,-0.0033153752505174295,-0.0006909102080922902,-0.0020119564396592704,-0.00780762277417,0.0038123071846056433
1.7718582566246432,-0.0033066800236160655,-0.0006822149811909262,-0.0020032612127579064,-0.0077989275472686356,0.0038210024115070073
1.7844246272390025,-0.003297431627783272,-0.0006729665853581327,-0.001994012816925113,-0.007789679151435842,0.003830250807339801
1.7969909978533618,-0.0032876315234479626,-0.0006631664810228233,-0.0019842127125898035,-0.0077798790471005335,0.00384005091167511
1.809557368467721,-0.0032772812581602175,-0.0006528162157350783,-0.0019738624473020585,-0.007769528781812788,0.0038504011769628552
1.8221237390820804,-0.003266382466346911,-0.0006419174239217719,-0.001962963655488752,-0.007758629989999481,0.0038612999687761616
1.8346901096964396,-0.0032549368690536124,-0.0006304718266284732,-0.0019515180581954534,-0.0077471843927061825,0.0038727455660694603
1.847256480310799,-0.0032429462736728158,-0.0006184812312476765,-0.0019395274628146567,-0.007735193797325386,0.003884736161450257
1.8598228509251582,-0.0032304125736585315,-0.0006059475312333923,-0.0019269937628003725,-0.007722660097311102,0.0038972698614645413
1.8723892215395166,-0.003217337748227288,-0.0005928727058021489,-0.001913918937369129,-0.007709585271879859,0.003910344686895785
1.8849555921538759,-0.003203723862045587,-0.0005792588196204479,-0.0019003050511874281,-0.007695971385698158,0.003923958573077486
1.8975219627682351,-0.003189573064903875,-0.0005651080224787358,-0.001886154254045716,-0.0076818205885564456,0.003938109370219198
1.9100883333825944,-0.0031748875913770614,-0.0005504225489519222,-0.0018714687805189024,-0.007667135115029632,0.003952794843746011
1.9226547039969537,-0.003159669760471656,-0.0005352047180465168,-0.001856250949613497,-0.007651917284124227,0.003968012674651416
1.935221074611313,-0.0031439219752595693,-0.0005194569328344301,-0.0018405031644014103,-0.00763616949891214,0.003983760459863503
1.9477874452256723,-0.0031276467224986403,-0.0005031816800735011,-0.0018242279116404813,-0.007619894246151211,0.004000035712624432
1.9603538158400315,-0.003110846572239949,-0.0004863815298148098,-0.00180742776138179,-0.007603094095892519,0.004016835862883124
1.9729201864543908,-0.003093524177421974,-0.00046905913499683486,-0.001790105366563815,-0.007585771701074545,0.004034158257701099
1.9854865570687492,-0.0030756822734516673,-0.00045121723102652805,-0.0017722634625935083,-0.007567929797104238,0.0040520001616714055
1.9980529276831085,-0.003057323677772491,-0.0004328586353473519,-0.0017539048669143321,-0.007549571201425062,0.004070358757350581
2.0106192982974678,-0.003038451289419526,-0.0004139862469943866,-0.0017350324785613668,-0.007530698813072096,0.004089231145703547
2.023185668911827,-0.0030190680885616677,-0.0003946030461365285,-0.0017156492777035087,-0.007511315612214239,0.004108614346561405
2.0357520395261863,-0.002999177136031029,-0.00037471209360588967,-0.0016957583251728699,-0.007491424659683599,0.004128505299092044
2.0483184101405456,-0.0029787815728395976,-0.00035431653041445837,-0.0016753627619814386,-0.007471029096492168,0.004148900862283475
2.060884780754905,-0.002957884619683234,-0.0003334195772580948,-0.001654465808825075,-0.007450132143335805,0.004169797815439838
2.073451151369264,-0.0029364895764330875,-0.00031202453400794826,-0.0016330707655749285,-0.007428737100085658,0.004191192858689985
2.0860175219836226,-0.0029145998216145073,-0.000290134779189368,-0.0016111810107563482,-0.007406847345267078,0.004213082613508565
2.098583892597982,-0.0028922188118735313,-0.00026775376944839207,-0.0015888000010153723,-0.007384466335526102,0.0042354636232495415
2.111150263212341,-0.002869350081431047,-0.0002448850390059077,-0.0015659312705728879,-0.007361597605083618,0.004258332353692025
2.1237166338267004,-0.002845997241524694,-0.00022153219909955496,-0.0015425784306665352,-0.007338244765177264,0.004281685193598379
2.1362830044410597,-0.002822163979838609,-0.00019769893741346982,-0.00151874516898045,-0.007314411503491179,0.004305518455284464
2.148849375055419,-0.002797854059921096,-0.00017338901749595686,-0.001494435249062937,-0.007290101583573667,0.004329828375201976
2.1614157456697782,-0.002773071320590319,-0.0001486062781651796,-0.0014696525097321598,-0.007265318844242889,0.004354611114532754
2.1739821162841375,-0.0027478196753281093,-0.00012335463290297005,-0.0014444008644699502,-0.00724006719898068,0.004379862759794963
2.186548486898496,-0.0027221031116619813,-9.76380692368421e-05,-0.0014186843008038223,-0.007214350635314552,0.004405579323461091
2.199114857512855,-0.0026959256905354514,-7.146064811031213e-05,-0.0013925068796772923,-0.007188173214188022,0.004431756744587621
2.2116812281272145,-0.0026692915456667746,-4.482650324163541e-05,-0.0013658727348086156,-0.007161539069319345,0.004458390889456298
2.2242475987415737,-0.0026422048828961793,-1.773984047104011e-05,-0.0013387860720380203,-0.00713445240654875,0.004485477552226893
2.236813969355933,-0.0026146699795217146,9.7950629034246e-06,-0.0013112511686635556,-0.007106917503174285,0.004513012455601358
2.2493803399702923,-0.0025866911836238183,3.7773858801320916e-05,-0.0012832723727656593,-0.007078938707276388,0.004540991251499255
2.2619467105846516,-0.0025582729133787033,6.619212904643594e-05,-0.0012548541025205443,-0.007050520437031273,0.00456940952174437
2.274513081199011,-0.0025294196563606765,9.504538606446272e-05,-0.0012260008455025175,-0.007021667180013247,0.004598262778762396
2.28707945181337,-0.0025001359688334984,0.00012432907359164087,-0.0011967171579753393,-0.006992383492486069,0.004627546466289574
2.2996458224277285,-0.002470426475030899,0.0001540385673942401,-0.00116700766417274,-0.00696267399868347,0.004657255960092173
2.312212193042088,-0.0024402958664263494,0.00018416917599878985,-0.0011368770555681904,-0.00693254339007892,0.004687386568696723
2.324778563656447,-0.0024097489009922346,0.00021471614143290466,-0.0011063300901340755,-0.006901996424644805,0.004717933534130838
2.3373449342708064,-0.0023787904024485085,0.0002456746399766307,-0.0010753715915903495,-0.0068710379261010795,0.004748892032674564
2.3499113048851656,-0.002347425259500974,0.00027703978292416536,-0.0010440064486428148,-0.006839672783153544,0.004780257175622099
2.362477675499525,-0.002315658425069298,0.00030880661735584137,-0.0010122396142111388,-0.006807905948721868,0.004812024010053775
2.375044046113884,-0.0022834949155048907,0.0003409701269202485,-0.0009800761046467317,-0.006775742439157462,0.004844187519618182
2.3876104167282435,-0.002250939809798763,0.00037352523262637605,-0.0009475209989406042,-0.006743187333451334,0.00487674262532431
2.400176787342602,-0.0022179982487795,0.0004064667936456391,-0.0009145794379213411,-0.006710245772432071,0.004909684186343573
2.412743157956961,-0.0021846754343014516,0.0004397896081236876,-0.0008812566234432926,-0.006676922957954022,0.0049430070008216215
2.4253095285713204,-0.0021509766284233175,0.00047348841400182175,-0.0008475578175651585,-0.006643224152075888,0.004976705806699755
2.4378758991856797,-0.0021169071525771934,0.0005075578898479458,-0.0008134883417190344,-0.006609154676229764,0.005010775282545879
2.450442269800039,-0.002082472386728263,0.0005419926556968764,-0.0007790535758701038,-0.006574719910380833,0.00504521004839481
2.4630086404143983,-0.002047677768525233,0.0005767872738999063,-0.0007442589576670739,-0.006539925292177803,0.00508000466659784
2.4755750110287575,-0.0020125287924416695,0.0006119362499834697,-0.0007091099815835105,-0.00650477631609424,0.005115153642681404
2.488141381643117,-0.0019770310089083573,0.0006474340335167819,-0.0006736121980501983,-0.006469278532560928,0.0051506514262147154
2.500707752257476,-0.0019411900234368186,0.0006832750189883206,-0.0006377712125786596,-0.00643343754708939,0.005186492411686254
2.5132741228718345,-0.001905011495734145,0.0007194535466909942,-0.000601592684875986,-0.006397259019386715,0.005222670939388928
2.5258404934861938,-0.0018685011388092487,0.0007559639036158906,-0.0005650823279510896,-0.006360748662461819,0.005259181296313824
2.538406864100553,-0.0018316647180707333,0.0007928003243544059,-0.0005282459072125743,-0.006323912241723304,0.0052960177170523395
2.5509732347149123,-0.0017945080504164546,0.0008299569920086846,-0.0004910892395582956,-0.006286755574069025,0.0053331743847066185
2.5635396053292716,-0.0017570370033149689,0.0008674280391101703,-0.00045361819245680985,-0.00624928452696754,0.0053706454318081034
2.576105975943631,-0.0017192574938789914,0.0009052075485461478,-0.00041583868302083236,-0.006211505017531562,0.005408424941244081
2.58867234655799,-0.0016811754879310166,0.0009432895544941226,-0.00037775667707285756,-0.006173423011583587,0.005446506947192056
2.6012387171723494,-0.0016427969990612436,0.0009816680433638956,-0.0003393781882030846,-0.006135044522713814,0.005484885436061829
2.613805087786708,-0.0016041280876779658,0.0010203369547471734,-0.0003007092768198068,-0.006096375611330536,0.005523554347445107
2.626371458401067,-0.0015651748600505493,0.0010592901823745899,-0.0002617560491923903,-0.006057422383703119,0.005562507575072524
2.6389378290154264,-0.0015259434673451995,0.0010985215750799397,-0.0002225246564870405,-0.00601819099099777,0.005601738967777874
2.6515041996297857,-0.0014864401046536088,0.0011380249377715304,-0.00018302129379544978,-0.0059786876283061795,0.005641242330469464
2.664070570244145,-0.0014466710100146838,0.0011777940324104554,-0.00014325219915652478,-0.005938918533667254,0.005681011425108389
2.6766369408585042,-0.0014066424634294862,0.001217822578995653,-0.00010322365257132721,-0.005898889987082057,0.0057210399716935865
2.6892033114728635,-0.0013663607858695474,0.0012581042565555918,-6.294197501138842e-05,-0.0058586083095221175,0.005761321649253526
2.701769682087223,-0.0013258323382787142,0.001298632704146425,-2.2413527420555137e-05,-0.0058180798619312845,0.005801850096844359
2.714336052701581,-0.0012850635205686844,0.0013394015218564548,1.8355290289474597e-05,-0.005777311044221255,0.005842618914554388
2.7269024233159405,-0.0012440607706083761,0.0013804042718167631,5.9358040249782914e-05,-0.005736308294260946,0.005883621664514697
2.7394687939302997,-0.0012028305632073297,0.0014216344792178095,0.0001005882476508293,-0.0056950780868599005,0.005924851871915743
2.752035164544659,-0.0011613794090932499,0.0014630856333318894,0.00014203940176490916,-0.00565362693274582,0.005966303026029823
2.7646015351590183,-0.001119713853883888,0.0015047511885412513,0.00018370495697427112,-0.005611961377536458,0.006007968581239185
2.7771679057733776,-0.0010778404770534137,0.0015466245653717255,0.00022557833380474528,-0.005570088000705985,0.006049841958069659
2.789734276387737,-0.0010357658908934407,0.0015886991515316985,0.0002676529199647183,-0.005528013414546011,0.006091916544229632
2.802300647002096,-0.0009934967394688676,0.0016309683029562716,0.0003099220713892914,-0.0054857442631214386,0.006134185695654205
2.8148670176164554,-0.0009510396975687038,0.0016734253448564354,0.0003523791132894552,-0.005443287221221275,0.006176642737554369
2.827433388230814,-0.0009084014696520459,0.0017160635727730934,0.00039501734120611317,-0.005400648993304617,0.006219280965471027
2.839999758845173,-0.0008655887887893542,0.001758876253635785,0.00043783002206880485,-0.005357836312441924,0.006262093646333719
2.8525661294595324,-0.00082260841559924,0.0018018566268258992,0.00048081039525891905,-0.00531485593925181,0.006305074019523833
2.8651325000738916,-0.0007794671371808743,0.0018449979052442649,0.0005239516736772847,-0.005271714660833445,0.006348215297942199
2.877698870688251,-0.000736171766042229,0.0018882932763829101,0.00056724704481593,-0.005228419289694799,0.006391510669080844
2.89026524130261,-0.000692729139024303,0.0019317359034008363,0.000610689671833856,-0.0051849766626768734,0.00643495329609877
2.9028316119169695,-0.0006491461162215052,0.001975318926203634,0.0006542726946366539,-0.005141393639874076,0.0064785363189015675
2.9153979825313288,-0.0006054295798983662,0.002019035462526773,0.0006979892309597928,-0.005097677103550937,0.006522252855224706
2.927964353145687,-0.0005615864334027533,0.002062878609022386,0.0007418323774554057,-0.005053833957055324,0.00656609600172032
2.9405307237600464,-0.0005176236000757374,0.002106841442349402,0.0007857952107824216,-0.005009871123728308,0.006610058835047335
2.9530970943744057,-0.0004735480221583375,0.0021509170202668017,0.0008298707886998215,-0.004965795545810908,0.006654134412964735
2.965663464988765,-0.0004293666596952469,0.0021950983827298924,0.0008740521511629121,-0.004921614183347817,0.006698315775427826
2.9782298356031243,-0.00038508648943576533,0.002239378552989374,0.0009183323214223937,-0.004877334013088336,0.006742595945687308
2.9907962062174835,-0.0003407145037320886,0.0022837505386930504,0.0009627043071260704,-0.004832962027384659,0.006786967931390984
3.003362576831843,-0.0002962577094351358,0.0023282073329900033,0.001007161101423023,-0.0047885052330877064,0.006831424725687937
3.015928947446202,-0.0002517231267880858,0.0023727419156370534,0.0010516956840700732,-0.004743970650440656,0.006875959308334987
3.0284953180605614,-0.00020711778831779997,0.002417347254107339,0.001096301022540359,-0.00469936531197037,0.006920564646805273
3.0410616886749198,-0.00016244873772430736,0.002462016304700832,0.0011409700731338517,-0.004654696261376878,0.006965233697398765
3.053628059289279,-0.00011772302876851039,0.002506742013656629,0.0011856957820896488,-0.004609970552421081,0.0070099594063545625
3.0661944299036383,-7.294772415833325e-05,0.002551517318266806,0.0012304710866998258,-0.004565195247810904,0.007054734710964739
3.0787608005179976,-2.8129894433425682e-05,0.0025963351479917135,0.0012752889164247333,-0.004520377418085996,0.007099552540689647
3.091327171132357,1.672338315135397e-05,0.0026411884255764934,0.001320142194009513,-0.004475524140501216,0.007144405818274427
3.103893541746716,6.160502574351943e-05,0.0026860700681686587,0.0013650238366016785,-0.004430642497909051,0.007189287460866592
3.1164599123610754,0.00010650794601142088,0.00273097298843656,0.00140992675686958,-0.00438573957764115,0.0072341903811344935
3.1290262829754347,0.0001514250532634168,0.002775890095688556,0.0014548438641215759,-0.004340822470389154,0.007279107488386489
3.141592653589793,0.00019634925456757336,0.0028208142969927126,0.0014997680654257324,-0.004295898269084998,0.007324031689690646
