gphi_d,gp_d,weighted_sse
-3.1401263880436137,-0.2917893751323245,365.5952403233274
-3.035959721376947,-0.2917893751323245,340.2305978081518
-2.93179305471028,-0.2917893751323245,318.04411516450085
-2.8276263880436137,-0.2917893751323245,311.12313258448535
-2.723459721376947,-0.2917893751323245,284.8079952120548
-2.61929305471028,-0.2917893751323245,268.10748958996174
-2.5151263880436137,-0.2917893751323245,251.60290500027443
-2.4109597213769467,-0.2917893751323245,235.22273846874597
-2.30679305471028,-0.2917893751323245,217.96933079949503
-2.2026263880436137,-0.2917893751323245,204.84769593365888
-2.0984597213769467,-0.2917893751323245,196.33477911968973
-1.9942930547102802,-0.2917893751323245,184.77851915579805
-1.8901263880436137,-0.2917893751323245,174.66421321888498
-1.785959721376947,-0.2917893751323245,169.6961440199657
-1.6817930547102802,-0.2917893751323245,163.11861047140485
-1.5776263880436137,-0.2917893751323245,160.64678488118284
-1.473459721376947,-0.2917893751323245,156.7396197160889
-1.3692930547102802,-0.2917893751323245,152.7956505280122
-1.2651263880436137,-0.2917893751323245,146.2240993300818
-1.160959721376947,-0.2917893751323245,145.94940373512085
-1.0567930547102802,-0.2917893751323245,148.63838291309196
-0.9526263880436137,-0.2917893751323245,146.93645777427466
-0.8484597213769467,-0.2917893751323245,148.24281118282104
-0.7442930547102802,-0.2917893751323245,151.71980671293733
-0.6401263880436137,-0.2917893751323245,155.04182618583923
-3.1401263880436137,-0.26262270846565783,334.24033432757983
-3.035959721376947,-0.26262270846565783,306.74410103966295
-2.93179305471028,-0.26262270846565783,290.1228766996479
-2.8276263880436137,-0.26262270846565783,280.82484376399486
-2.723459721376947,-0.26262270846565783,261.3992755686176
-2.61929305471028,-0.26262270846565783,239.90327278542475
-2.5151263880436137,-0.26262270846565783,222.1062398971084
-2.4109597213769467,-0.26262270846565783,211.3266048748853
-2.30679305471028,-0.26262270846565783,196.95324963611122
-2.2026263880436137,-0.26262270846565783,183.11442166664898
-2.0984597213769467,-0.26262270846565783,171.73602551828805
-1.9942930547102802,-0.26262270846565783,164.55556342488927
-1.8901263880436137,-0.26262270846565783,157.51427105051644
-1.785959721376947,-0.26262270846565783,152.5710834510761
-1.6817930547102802,-0.26262270846565783,143.74756037586374
-1.5776263880436137,-0.26262270846565783,141.89676035568132
-1.473459721376947,-0.26262270846565783,139.29248406619726
-1.3692930547102802,-0.26262270846565783,137.95851234193262
-1.2651263880436137,-0.26262270846565783,131.37518735136186
-1.160959721376947,-0.26262270846565783,130.63577872655404
-1.0567930547102802,-0.26262270846565783,131.75510547518854
-0.9526263880436137,-0.26262270846565783,133.69826058324452
-0.8484597213769467,-0.26262270846565783,135.2668872307361
-0.7442930547102802,-0.26262270846565783,139.19536269516055
-0.6401263880436137,-0.26262270846565783,144.88513223193004
-3.1401263880436137,-0.23345604179899118,307.07034834451065
-3.035959721376947,-0.23345604179899118,278.88946227605226
-2.93179305471028,-0.23345604179899118,257.3267839364809
-2.8276263880436137,-0.23345604179899118,254.06461643187632
-2.723459721376947,-0.23345604179899118,235.46319970961721
-2.61929305471028,-0.23345604179899118,218.1661245055104
-2.5151263880436137,-0.23345604179899118,196.93615957730867
-2.4109597213769467,-0.23345604179899118,187.00353972247157
-2.30679305471028,-0.23345604179899118,172.0650153057004
-2.2026263880436137,-0.23345604179899118,163.27826041041394
-2.0984597213769467,-0.23345604179899118,156.27560753737953
-1.9942930547102802,-0.23345604179899118,143.00102385023453
-1.8901263880436137,-0.23345604179899118,138.54858819470772
-1.785959721376947,-0.23345604179899118,133.68126098957845
-1.6817930547102802,-0.23345604179899118,129.77064747447187
-1.5776263880436137,-0.23345604179899118,124.98890292028493
-1.473459721376947,-0.23345604179899118,122.91443239297358
-1.3692930547102802,-0.23345604179899118,122.70658197408775
-1.2651263880436137,-0.23345604179899118,117.01687606716372
-1.160959721376947,-0.23345604179899118,119.10963652794257
-1.0567930547102802,-0.23345604179899118,119.16600590880998
-0.9526263880436137,-0.23345604179899118,121.19192141234106
-0.8484597213769467,-0.23345604179899118,123.9470875318005
-0.7442930547102802,-0.23345604179899118,128.7978573955426
-0.6401263880436137,-0.23345604179899118,132.88392949332447
-3.1401263880436137,-0.2042893751323245,274.15433044405364
-3.035959721376947,-0.2042893751323245,251.37172733631903
-2.93179305471028,-0.2042893751323245,232.57668572583333
-2.8276263880436137,-0.2042893751323245,227.41726295232777
-2.723459721376947,-0.2042893751323245,210.449342732194
-2.61929305471028,-0.2042893751323245,193.5084011516058
-2.5151263880436137,-0.2042893751323245,179.6688673511419
-2.4109597213769467,-0.2042893751323245,164.90669247925425
-2.30679305471028,-0.2042893751323245,152.65113435645307
-2.2026263880436137,-0.2042893751323245,142.68858903186066
-2.0984597213769467,-0.2042893751323245,135.5112906673161
-1.9942930547102802,-0.2042893751323245,128.20760023905228
-1.8901263880436137,-0.2042893751323245,122.16527202079561
-1.785959721376947,-0.2042893751323245,117.02488143383171
-1.6817930547102802,-0.2042893751323245,113.32548667426171
-1.5776263880436137,-0.2042893751323245,112.38574244227748
-1.473459721376947,-0.2042893751323245,109.98806853946958
-1.3692930547102802,-0.2042893751323245,109.8143243011329
-1.2651263880436137,-0.2042893751323245,105.9860417879441
-1.160959721376947,-0.2042893751323245,105.197084976076
-1.0567930547102802,-0.2042893751323245,108.57820887966768
-0.9526263880436137,-0.2042893751323245,110.84998155618288
-0.8484597213769467,-0.2042893751323245,113.4732961149352
-0.7442930547102802,-0.2042893751323245,119.70673349328517
-0.6401263880436137,-0.2042893751323245,123.98616877720968
-3.1401263880436137,-0.17512270846565786,248.88301749797043
-3.035959721376947,-0.17512270846565786,224.2431356622405
-2.93179305471028,-0.17512270846565786,206.3377988621538
-2.8276263880436137,-0.17512270846565786,206.90126905578165
-2.723459721376947,-0.17512270846565786,188.61702201373
-2.61929305471028,-0.17512270846565786,169.4215236021434
-2.5151263880436137,-0.17512270846565786,156.38849794140322
-2.4109597213769467,-0.17512270846565786,148.0338872044782
-2.30679305471028,-0.17512270846565786,135.16618015709662
-2.2026263880436137,-0.17512270846565786,126.0835647574946
-2.0984597213769467,-0.17512270846565786,117.5594303824537
-1.9942930547102802,-0.17512270846565786,111.46595510590733
-1.8901263880436137,-0.17512270846565786,105.98273162581843
-1.785959721376947,-0.17512270846565786,102.44238385023803
-1.6817930547102802,-0.17512270846565786,98.92172209231617
-1.5776263880436137,-0.17512270846565786,97.32913305653632
-1.473459721376947,-0.17512270846565786,97.77954833374409
-1.3692930547102802,-0.17512270846565786,97.63139400605947
-1.2651263880436137,-0.17512270846565786,93.0878595269889
-1.160959721376947,-0.17512270846565786,94.92106734882874
-1.0567930547102802,-0.17512270846565786,98.18429948122
-0.9526263880436137,-0.17512270846565786,100.91271583493776
-0.8484597213769467,-0.17512270846565786,104.93754239014046
-0.7442930547102802,-0.17512270846565786,110.6275958969858
-0.6401263880436137,-0.17512270846565786,115.70338362269214
-3.1401263880436137,-0.1459560417989912,229.4869657556807
-3.035959721376947,-0.1459560417989912,200.17573314578735
-2.93179305471028,-0.1459560417989912,181.7072058953718
-2.8276263880436137,-0.1459560417989912,186.1880938787921
-2.723459721376947,-0.1459560417989912,167.1089086649026
-2.61929305471028,-0.1459560417989912,152.35475571461683
-2.5151263880436137,-0.1459560417989912,137.5687151135396
-2.4109597213769467,-0.1459560417989912,127.93500327334161
-2.30679305471028,-0.1459560417989912,117.10944936227392
-2.2026263880436137,-0.1459560417989912,109.25718314347937
-2.0984597213769467,-0.1459560417989912,101.55866611309756
-1.9942930547102802,-0.1459560417989912,97.24411471230188
-1.8901263880436137,-0.1459560417989912,91.73116784363022
-1.785959721376947,-0.1459560417989912,88.85369538441165
-1.6817930547102802,-0.1459560417989912,88.19987272582729
-1.5776263880436137,-0.1459560417989912,85.19222933769178
-1.473459721376947,-0.1459560417989912,86.13972288834734
-1.3692930547102802,-0.1459560417989912,88.40184143049831
-1.2651263880436137,-0.1459560417989912,83.04303750443755
-1.160959721376947,-0.1459560417989912,86.28551774187417
-1.0567930547102802,-0.1459560417989912,88.82793173067526
-0.9526263880436137,-0.1459560417989912,91.7649329962995
-0.8484597213769467,-0.1459560417989912,97.18515008827143
-0.7442930547102802,-0.1459560417989912,104.18006101648051
-0.6401263880436137,-0.1459560417989912,108.57021511859496
-3.1401263880436137,-0.11678937513232451,204.04975304057257
-3.035959721376947,-0.11678937513232451,180.67378118917222
-2.93179305471028,-0.11678937513232451,159.2684288164813
-2.8276263880436137,-0.11678937513232451,162.86861120282302
-2.723459721376947,-0.11678937513232451,147.2826153601976
-2.61929305471028,-0.11678937513232451,133.85709347878392
-2.5151263880436137,-0.11678937513232451,123.02062721721492
-2.4109597213769467,-0.11678937513232451,112.20447171617455
-2.30679305471028,-0.11678937513232451,101.41541055556557
-2.2026263880436137,-0.11678937513232451,93.81836408423094
-2.0984597213769467,-0.11678937513232451,89.73481235857498
-1.9942930547102802,-0.11678937513232451,82.48110106656671
-1.8901263880436137,-0.11678937513232451,79.69181261312617
-1.785959721376947,-0.11678937513232451,77.54319550032596
-1.6817930547102802,-0.11678937513232451,75.58218575141626
-1.5776263880436137,-0.11678937513232451,76.31123370920959
-1.473459721376947,-0.11678937513232451,75.82442396511263
-1.3692930547102802,-0.11678937513232451,77.97914350589527
-1.2651263880436137,-0.11678937513232451,74.75933151168478
-1.160959721376947,-0.11678937513232451,77.74001717515081
-1.0567930547102802,-0.11678937513232451,82.03415100668904
-0.9526263880436137,-0.11678937513232451,84.10959271539748
-0.8484597213769467,-0.11678937513232451,90.25555552803321
-0.7442930547102802,-0.11678937513232451,96.89603165061348
-0.6401263880436137,-0.11678937513232451,102.39251573556248
-3.1401263880436137,-0.08762270846565787,184.28290622371426
-3.035959721376947,-0.08762270846565787,158.18500012281598
-2.93179305471028,-0.08762270846565787,142.3110673706851
-2.8276263880436137,-0.08762270846565787,143.28323113225127
-2.723459721376947,-0.08762270846565787,131.34293226171334
-2.61929305471028,-0.08762270846565787,116.87388171484886
-2.5151263880436137,-0.08762270846565787,107.0214358036016
-2.4109597213769467,-0.08762270846565787,95.8551370525945
-2.30679305471028,-0.08762270846565787,88.05951635863943
-2.2026263880436137,-0.08762270846565787,80.28747149685961
-2.0984597213769467,-0.08762270846565787,75.84375838243545
-1.9942930547102802,-0.08762270846565787,72.66740155366286
-1.8901263880436137,-0.08762270846565787,67.53739277964661
-1.785959721376947,-0.08762270846565787,67.38675555390051
-1.6817930547102802,-0.08762270846565787,66.32923438425333
-1.5776263880436137,-0.08762270846565787,66.96509184492197
-1.473459721376947,-0.08762270846565787,68.14821727877454
-1.3692930547102802,-0.08762270846565787,69.84190212110283
-1.2651263880436137,-0.08762270846565787,66.62190185024988
-1.160959721376947,-0.08762270846565787,70.2703009579345
-1.0567930547102802,-0.08762270846565787,75.75182362756284
-0.9526263880436137,-0.08762270846565787,79.54444984426591
-0.8484597213769467,-0.08762270846565787,85.6933216758662
-0.7442930547102802,-0.08762270846565787,91.92994679291294
-0.6401263880436137,-0.08762270846565787,98.10770187132492
-3.1401263880436137,-0.05845604179899119,164.68314935909962
-3.035959721376947,-0.05845604179899119,139.51240621152485
-2.93179305471028,-0.05845604179899119,123.56414067671146
-2.8276263880436137,-0.05845604179899119,124.15544497573973
-2.723459721376947,-0.05845604179899119,115.3000517068185
-2.61929305471028,-0.05845604179899119,101.73114217366575
-2.5151263880436137,-0.05845604179899119,93.69887669198353
-2.4109597213769467,-0.05845604179899119,83.99398188155895
-2.30679305471028,-0.05845604179899119,74.4997618407738
-2.2026263880436137,-0.05845604179899119,71.12947126421724
-2.0984597213769467,-0.05845604179899119,64.73923129166273
-1.9942930547102802,-0.05845604179899119,62.08870779603887
-1.8901263880436137,-0.05845604179899119,59.36615393707319
-1.785959721376947,-0.05845604179899119,57.76116313372231
-1.6817930547102802,-0.05845604179899119,58.135712990134536
-1.5776263880436137,-0.05845604179899119,59.01090324633744
-1.473459721376947,-0.05845604179899119,60.956593402984595
-1.3692930547102802,-0.05845604179899119,63.9535363847338
-1.2651263880436137,-0.05845604179899119,61.47965798854356
-1.160959721376947,-0.05845604179899119,65.04719468197658
-1.0567930547102802,-0.05845604179899119,70.5405266927758
-0.9526263880436137,-0.05845604179899119,74.82113651311073
-0.8484597213769467,-0.05845604179899119,81.65899034923959
-0.7442930547102802,-0.05845604179899119,89.04630614250189
-0.6401263880436137,-0.05845604179899119,95.53610007760896
-3.1401263880436137,-0.029289375132324547,145.80079282592772
-3.035959721376947,-0.029289375132324547,124.60307763765714
-2.93179305471028,-0.029289375132324547,108.2204112943449
-2.8276263880436137,-0.029289375132324547,107.96682811420841
-2.723459721376947,-0.029289375132324547,101.12535729060097
-2.61929305471028,-0.029289375132324547,89.97711485011779
-2.5151263880436137,-0.029289375132324547,80.23657927301957
-2.4109597213769467,-0.029289375132324547,73.03121511506328
-2.30679305471028,-0.029289375132324547,64.46791202674461
-2.2026263880436137,-0.029289375132324547,60.95208825684617
-2.0984597213769467,-0.029289375132324547,55.34769382913821
-1.9942930547102802,-0.029289375132324547,52.64289907553335
-1.8901263880436137,-0.029289375132324547,51.36590529682645
-1.785959721376947,-0.029289375132324547,51.15215038208575
-1.6817930547102802,-0.029289375132324547,51.84953718247255
-1.5776263880436137,-0.029289375132324547,52.46765536130077
-1.473459721376947,-0.029289375132324547,55.16972339303066
-1.3692930547102802,-0.029289375132324547,58.97890691798732
-1.2651263880436137,-0.029289375132324547,56.52573328973122
-1.160959721376947,-0.029289375132324547,61.47307311072869
-1.0567930547102802,-0.029289375132324547,67.66307243223778
-0.9526263880436137,-0.029289375132324547,72.01698201712547
-0.8484597213769467,-0.029289375132324547,78.97250945133788
-0.7442930547102802,-0.029289375132324547,86.72342208484945
-0.6401263880436137,-0.029289375132324547,93.89367212951983
-3.1401263880436137,-0.00012270846565787252,131.7970660420035
-3.035959721376947,-0.00012270846565787252,108.81992645152582
-2.93179305471028,-0.00012270846565787252,92.75679768652934
-2.8276263880436137,-0.00012270846565787252,93.730489786319
-2.723459721376947,-0.00012270846565787252,90.0254256514362
-2.61929305471028,-0.00012270846565787252,78.44123427258802
-2.5151263880436137,-0.00012270846565787252,69.75779191272918
-2.4109597213769467,-0.00012270846565787252,62.34331092766441
-2.30679305471028,-0.00012270846565787252,56.2474221052478
-2.2026263880436137,-0.00012270846565787252,52.40059858679993
-2.0984597213769467,-0.00012270846565787252,48.94283507177861
-1.9942930547102802,-0.00012270846565787252,45.61888057734815
-1.8901263880436137,-0.00012270846565787252,45.140053935118964
-1.785959721376947,-0.00012270846565787252,45.44563312239798
-1.6817930547102802,-0.00012270846565787252,46.327566145828534
-1.5776263880436137,-0.00012270846565787252,48.25335314066347
-1.473459721376947,-0.00012270846565787252,51.181485635644016
-1.3692930547102802,-0.00012270846565787252,55.29410612454225
-1.2651263880436137,-0.00012270846565787252,53.0097004933015
-1.160959721376947,-0.00012270846565787252,58.77379420189174
-1.0567930547102802,-0.00012270846565787252,65.28892866506783
-0.9526263880436137,-0.00012270846565787252,69.83031440347146
-0.8484597213769467,-0.00012270846565787252,78.09060484238557
-0.7442930547102802,-0.00012270846565787252,86.13072681869411
-0.6401263880436137,-0.00012270846565787252,93.19392752266315
-3.1401263880436137,0.0290439582010088,119.94182600541299
-3.035959721376947,0.0290439582010088,97.11676595946102
-2.93179305471028,0.0290439582010088,82.76586299969883
-2.8276263880436137,0.0290439582010088,83.6053804037043
-2.723459721376947,0.0290439582010088,80.90718405453505
-2.61929305471028,0.0290439582010088,68.6513588700167
-2.5151263880436137,0.0290439582010088,63.463838332591926
-2.4109597213769467,0.0290439582010088,54.39627440889968
-2.30679305471028,0.0290439582010088,48.24143702744929
-2.2026263880436137,0.0290439582010088,45.63957402604432
-2.0984597213769467,0.0290439582010088,42.643434994130715
-1.9942930547102802,0.0290439582010088,41.06068670352037
-1.8901263880436137,0.0290439582010088,40.595215487501754
-1.785959721376947,0.0290439582010088,41.106561862877065
-1.6817930547102802,0.0290439582010088,42.45057195319659
-1.5776263880436137,0.0290439582010088,45.07380755841215
-1.473459721376947,0.0290439582010088,48.72934382008834
-1.3692930547102802,0.0290439582010088,53.331004322198204
-1.2651263880436137,0.0290439582010088,51.41271428052856
-1.160959721376947,0.0290439582010088,57.552159679977606
-1.0567930547102802,0.0290439582010088,64.79329433647646
-0.9526263880436137,0.0290439582010088,69.39247769510663
-0.8484597213769467,0.0290439582010088,77.75170928944112
-0.7442930547102802,0.0290439582010088,86.3681596125911
-0.6401263880436137,0.0290439582010088,94.49102375156994
-3.1401263880436137,0.058210624867675476,108.29421165624507
-3.035959721376947,0.058210624867675476,86.16800734810262
-2.93179305471028,0.058210624867675476,73.14159905172133
-2.8276263880436137,0.058210624867675476,72.42543687640044
-2.723459721376947,0.058210624867675476,71.73402705694564
-2.61929305471028,0.058210624867675476,60.9804235698107
-2.5151263880436137,0.058210624867675476,55.745765443477026
-2.4109597213769467,0.058210624867675476,48.25586932813699
-2.30679305471028,0.058210624867675476,42.934175804220224
-2.2026263880436137,0.058210624867675476,40.99885584945925
-2.0984597213769467,0.058210624867675476,37.874094575711915
-1.9942930547102802,0.058210624867675476,37.05889612876711
-1.8901263880436137,0.058210624867675476,37.26450855310848
-1.785959721376947,0.058210624867675476,38.39342011650159
-1.6817930547102802,0.058210624867675476,40.59381666352483
-1.5776263880436137,0.058210624867675476,43.65218492538027
-1.473459721376947,0.058210624867675476,47.5390512031487
-1.3692930547102802,0.058210624867675476,52.52147854050993
-1.2651263880436137,0.058210624867675476,51.22696130935382
-1.160959721376947,0.058210624867675476,57.70275020047386
-1.0567930547102802,0.058210624867675476,65.07611010585241
-0.9526263880436137,0.058210624867675476,72.16609040256361
-0.8484597213769467,0.058210624867675476,78.4293877048226
-0.7442930547102802,0.058210624867675476,86.94773999084396
-0.6401263880436137,0.058210624867675476,96.34669362424555
-3.1401263880436137,0.08737729153434215,98.46471849489487
-3.035959721376947,0.08737729153434215,76.9478981867259
-2.93179305471028,0.08737729153434215,64.40599757186298
-2.8276263880436137,0.08737729153434215,64.09778313044481
-2.723459721376947,0.08737729153434215,64.82958081655974
-2.61929305471028,0.08737729153434215,55.54729419785128
-2.5151263880436137,0.08737729153434215,50.5886130974383
-2.4109597213769467,0.08737729153434215,43.97502223687558
-2.30679305471028,0.08737729153434215,38.73396111164035
-2.2026263880436137,0.08737729153434215,37.80965892819102
-2.0984597213769467,0.08737729153434215,35.04759544449769
-1.9942930547102802,0.08737729153434215,34.76031599270718
-1.8901263880436137,0.08737729153434215,35.83869723702489
-1.785959721376947,0.08737729153434215,37.233142372379014
-1.6817930547102802,0.08737729153434215,39.539894116976136
-1.5776263880436137,0.08737729153434215,43.485629847037906
-1.473459721376947,0.08737729153434215,48.03848653755904
-1.3692930547102802,0.08737729153434215,53.32358114270456
-1.2651263880436137,0.08737729153434215,52.50410914783373
-1.160959721376947,0.08737729153434215,59.25885422071464
-1.0567930547102802,0.08737729153434215,67.16734416670498
-0.9526263880436137,0.08737729153434215,74.70147872481533
-0.8484597213769467,0.08737729153434215,81.21198882154744
-0.7442930547102802,0.08737729153434215,90.46823980525468
-0.6401263880436137,0.08737729153434215,99.56283172642998
-3.1401263880436137,0.11654395820100877,90.50449725521548
-3.035959721376947,0.11654395820100877,71.67026242206515
-2.93179305471028,0.11654395820100877,57.68627619720028
-2.8276263880436137,0.11654395820100877,57.98297483583564
-2.723459721376947,0.11654395820100877,60.50941653434191
-2.61929305471028,0.11654395820100877,51.343141032290724
-2.5151263880436137,0.11654395820100877,47.07308423308383
-2.4109597213769467,0.11654395820100877,41.24128135071564
-2.30679305471028,0.11654395820100877,37.91030984273843
-2.2026263880436137,0.11654395820100877,35.919012430151554
-2.0984597213769467,0.11654395820100877,34.29036895042356
-1.9942930547102802,0.11654395820100877,34.27355823882655
-1.8901263880436137,0.11654395820100877,35.85100653391465
-1.785959721376947,0.11654395820100877,37.82973998020082
-1.6817930547102802,0.11654395820100877,40.760067913374286
-1.5776263880436137,0.11654395820100877,44.74646283703404
-1.473459721376947,0.11654395820100877,50.00325784538974
-1.3692930547102802,0.11654395820100877,55.71037578422164
-1.2651263880436137,0.11654395820100877,54.98368462425721
-1.160959721376947,0.11654395820100877,62.53051150895229
-1.0567930547102802,0.11654395820100877,69.17253411670927
-0.9526263880436137,0.11654395820100877,78.20306520663858
-0.8484597213769467,0.11654395820100877,84.66544127237574
-0.7442930547102802,0.11654395820100877,94.37841758678195
-0.6401263880436137,0.11654395820100877,104.3970537792016
-3.1401263880436137,0.14571062486767544,85.5078131135752
-3.035959721376947,0.14571062486767544,66.82538553897724
-2.93179305471028,0.14571062486767544,55.78005814139364
-2.8276263880436137,0.14571062486767544,53.07465673247421
-2.723459721376947,0.14571062486767544,57.42775780807473
-2.61929305471028,0.14571062486767544,51.03099272116676
-2.5151263880436137,0.14571062486767544,45.496347514640796
-2.4109597213769467,0.14571062486767544,40.0630872722788
-2.30679305471028,0.14571062486767544,37.60406389290684
-2.2026263880436137,0.14571062486767544,36.18708717062308
-2.0984597213769467,0.14571062486767544,34.6436044064973
-1.9942930547102802,0.14571062486767544,35.591931538104774
-1.8901263880436137,0.14571062486767544,37.543705410163184
-1.785959721376947,0.14571062486767544,39.73680323712332
-1.6817930547102802,0.14571062486767544,42.96298876764874
-1.5776263880436137,0.14571062486767544,47.76569972649329
-1.473459721376947,0.14571062486767544,52.99005071759867
-1.3692930547102802,0.14571062486767544,58.95798442130557
-1.2651263880436137,0.14571062486767544,65.32768108281199
-1.160959721376947,0.14571062486767544,67.21361961727477
-1.0567930547102802,0.14571062486767544,74.85161423461197
-0.9526263880436137,0.14571062486767544,83.33722714414077
-0.8484597213769467,0.14571062486767544,89.52028461026156
-0.7442930547102802,0.14571062486767544,99.67472795075705
-0.6401263880436137,0.14571062486767544,110.1801413451593
-3.1401263880436137,0.17487729153434212,82.5066513469878
-3.035959721376947,0.17487729153434212,64.18355217435499
-2.93179305471028,0.17487729153434212,53.378778635921094
-2.8276263880436137,0.17487729153434212,50.626146316226695
-2.723459721376947,0.17487729153434212,56.6433288215588
-2.61929305471028,0.17487729153434212,50.39181315004641
-2.5151263880436137,0.17487729153434212,46.22239364603507
-2.4109597213769467,0.17487729153434212,41.09998312771846
-2.30679305471028,0.17487729153434212,39.01337217611927
-2.2026263880436137,0.17487729153434212,37.78658610554244
-2.0984597213769467,0.17487729153434212,36.87105392064821
-1.9942930547102802,0.17487729153434212,38.048436531302436
-1.8901263880436137,0.17487729153434212,40.2972139400928
-1.785959721376947,0.17487729153434212,44.01985757871507
-1.6817930547102802,0.17487729153434212,47.21432035181525
-1.5776263880436137,0.17487729153434212,52.27835291543701
-1.473459721376947,0.17487729153434212,58.02766973823691
-1.3692930547102802,0.17487729153434212,62.983669877091224
-1.2651263880436137,0.17487729153434212,70.35621384899301
-1.160959721376947,0.17487729153434212,71.69691148671913
-1.0567930547102802,0.17487729153434212,81.42534725449536
-0.9526263880436137,0.17487729153434212,91.11750800527429
-0.8484597213769467,0.17487729153434212,97.49490808371644
-0.7442930547102802,0.17487729153434212,106.83184584750896
-0.6401263880436137,0.17487729153434212,117.7590967787506
-3.1401263880436137,0.2040439582010088,81.47234005718977
-3.035959721376947,0.2040439582010088,64.06381026906166
-2.93179305471028,0.2040439582010088,53.2781014221941
-2.8276263880436137,0.2040439582010088,50.02667081717309
-2.723459721376947,0.2040439582010088,57.70954267940028
-2.61929305471028,0.2040439582010088,52.54107045111037
-2.5151263880436137,0.2040439582010088,47.951134234848915
-2.4109597213769467,0.2040439582010088,43.3040712769538
-2.30679305471028,0.2040439582010088,43.85468384533208
-2.2026263880436137,0.2040439582010088,41.55948364154226
-2.0984597213769467,0.2040439582010088,40.94062841493373
-1.9942930547102802,0.2040439582010088,42.44358978214323
-1.8901263880436137,0.2040439582010088,44.66011215552397
-1.785959721376947,0.2040439582010088,47.93112344326463
-1.6817930547102802,0.2040439582010088,52.853302257776896
-1.5776263880436137,0.2040439582010088,58.31613512224659
-1.473459721376947,0.2040439582010088,64.53070230851039
-1.3692930547102802,0.2040439582010088,69.70600429911285
-1.2651263880436137,0.2040439582010088,77.52665820019217
-1.160959721376947,0.2040439582010088,80.07237480893824
-1.0567930547102802,0.2040439582010088,87.34868279310324
-0.9526263880436137,0.2040439582010088,95.39088975831704
-0.8484597213769467,0.2040439582010088,105.26968287832158
-0.7442930547102802,0.2040439582010088,116.65955880183797
-0.6401263880436137,0.2040439582010088,127.43062670782525
-3.1401263880436137,0.2332106248676754,84.24254306708487
-3.035959721376947,0.2332106248676754,65.30094464701978
-2.93179305471028,0.2332106248676754,55.60939421788537
-2.8276263880436137,0.2332106248676754,51.807841031597626
-2.723459721376947,0.2332106248676754,60.82513084234373
-2.61929305471028,0.2332106248676754,56.43352512348022
-2.5151263880436137,0.2332106248676754,51.673017303116595
-2.4109597213769467,0.2332106248676754,47.25232723513827
-2.30679305471028,0.2332106248676754,48.62999670298886
-2.2026263880436137,0.2332106248676754,47.54540154575411
-2.0984597213769467,0.2332106248676754,47.424784901394624
-1.9942930547102802,0.2332106248676754,48.93472261468509
-1.8901263880436137,0.2332106248676754,51.87319968774684
-1.785959721376947,0.2332106248676754,55.62426684826197
-1.6817930547102802,0.2332106248676754,59.29504008209182
-1.5776263880436137,0.2332106248676754,65.04998964289852
-1.473459721376947,0.2332106248676754,71.45811081956857
-1.3692930547102802,0.2332106248676754,78.22453912696182
-1.2651263880436137,0.2332106248676754,86.1600194601956
-1.160959721376947,0.2332106248676754,89.13068459791526
-1.0567930547102802,0.2332106248676754,98.5711269221104
-0.9526263880436137,0.2332106248676754,106.7797179552181
-0.8484597213769467,0.2332106248676754,114.32367384737837
-0.7442930547102802,0.2332106248676754,124.6910244027797
-0.6401263880436137,0.2332106248676754,136.9608071861784
-3.1401263880436137,0.2623772915343421,87.06199375404651
-3.035959721376947,0.2623772915343421,68.29579886109771
-2.93179305471028,0.2623772915343421,58.357030646507916
-2.8276263880436137,0.2623772915343421,55.97403428276809
-2.723459721376947,0.2623772915343421,66.21963091012674
-2.61929305471028,0.2623772915343421,62.04908068983723
-2.5151263880436137,0.2623772915343421,58.1107266309385
-2.4109597213769467,0.2623772915343421,53.9674086294379
-2.30679305471028,0.2623772915343421,54.59402034344597
-2.2026263880436137,0.2623772915343421,52.83511055110805
-2.0984597213769467,0.2623772915343421,53.890997338302675
-1.9942930547102802,0.2623772915343421,58.663450063738786
-1.8901263880436137,0.2623772915343421,60.16424375245878
-1.785959721376947,0.2623772915343421,64.36646637028964
-1.6817930547102802,0.2623772915343421,69.24483708410544
-1.5776263880436137,0.2623772915343421,74.19071278446636
-1.473459721376947,0.2623772915343421,79.78115865263113
-1.3692930547102802,0.2623772915343421,88.82228985852471
-1.2651263880436137,0.2623772915343421,95.99913486732488
-1.160959721376947,0.2623772915343421,99.23295373092111
-1.0567930547102802,0.2623772915343421,106.8383565024056
-0.9526263880436137,0.2623772915343421,118.18578931241731
-0.8484597213769467,0.2623772915343421,127.01170036618166
-0.7442930547102802,0.2623772915343421,136.0188618613546
-0.6401263880436137,0.2623772915343421,146.92232750595144
-3.1401263880436137,0.29154395820100876,92.94368871213278
-3.035959721376947,0.29154395820100876,74.61599781328572
-2.93179305471028,0.29154395820100876,64.53103971056342
-2.8276263880436137,0.29154395820100876,59.92944139060144
-2.723459721376947,0.29154395820100876,72.97076963902158
-2.61929305471028,0.29154395820100876,69.69411257301283
-2.5151263880436137,0.29154395820100876,66.01424468640299
-2.4109597213769467,0.29154395820100876,62.88432021035265
-2.30679305471028,0.29154395820100876,63.21532223911915
-2.2026263880436137,0.29154395820100876,62.44902901056115
-2.0984597213769467,0.29154395820100876,62.9560890622815
-1.9942930547102802,0.29154395820100876,67.10879999375936
-1.8901263880436137,0.29154395820100876,68.8078085881297
-1.785959721376947,0.29154395820100876,73.54325301767854
-1.6817930547102802,0.29154395820100876,78.45327342952972
-1.5776263880436137,0.29154395820100876,87.09476637668529
-1.473459721376947,0.29154395820100876,92.84999558351988
-1.3692930547102802,0.29154395820100876,98.81115470448601
-1.2651263880436137,0.29154395820100876,109.12862418626334
-1.160959721376947,0.29154395820100876,110.94545452359147
-1.0567930547102802,0.29154395820100876,118.89952533732735
-0.9526263880436137,0.29154395820100876,127.38628980148155
-0.8484597213769467,0.29154395820100876,138.49516290172838
-0.7442930547102802,0.29154395820100876,149.3692302229538
-0.6401263880436137,0.29154395820100876,160.38503835320805
-3.1401263880436137,0.32071062486767543,100.62335313986866
-3.035959721376947,0.32071062486767543,82.8292115924454
-2.93179305471028,0.32071062486767543,73.09643016426506
-2.8276263880436137,0.32071062486767543,67.7002416756043
-2.723459721376947,0.32071062486767543,80.8298051009619
-2.61929305471028,0.32071062486767543,77.40636527739429
-2.5151263880436137,0.32071062486767543,75.5450683655407
-2.4109597213769467,0.32071062486767543,72.52084662356638
-2.30679305471028,0.32071062486767543,74.5511826642637
-2.2026263880436137,0.32071062486767543,74.22236960827809
-2.0984597213769467,0.32071062486767543,74.91996073697888
-1.9942930547102802,0.32071062486767543,77.2469063416214
-1.8901263880436137,0.32071062486767543,82.3567614470334
-1.785959721376947,0.32071062486767543,85.91012664377153
-1.6817930547102802,0.32071062486767543,90.24051686174184
-1.5776263880436137,0.32071062486767543,96.94304068005181
-1.473459721376947,0.32071062486767543,105.59599620867839
-1.3692930547102802,0.32071062486767543,111.92991896536272
-1.2651263880436137,0.32071062486767543,119.38664901659658
-1.160959721376947,0.32071062486767543,123.0759871352638
-1.0567930547102802,0.32071062486767543,133.35035741813854
-0.9526263880436137,0.32071062486767543,142.84265195186387
-0.8484597213769467,0.32071062486767543,149.6199617512946
-0.7442930547102802,0.32071062486767543,161.9918945611264
-0.6401263880436137,0.32071062486767543,172.9518085351744
-3.1401263880436137,0.3498772915343421,109.71347573402345
-3.035959721376947,0.3498772915343421,92.63554124515913
-2.93179305471028,0.3498772915343421,83.29597545375451
-2.8276263880436137,0.3498772915343421,78.18212289292707
-2.723459721376947,0.3498772915343421,91.48803983547626
-2.61929305471028,0.3498772915343421,88.47345852608346
-2.5151263880436137,0.3498772915343421,85.69940549419029
-2.4109597213769467,0.3498772915343421,83.86744737047614
-2.30679305471028,0.3498772915343421,85.48422095833968
-2.2026263880436137,0.3498772915343421,85.57055718106848
-2.0984597213769467,0.3498772915343421,88.42247474931513
-1.9942930547102802,0.3498772915343421,90.90588719534755
-1.8901263880436137,0.3498772915343421,92.92759237683792
-1.785959721376947,0.3498772915343421,100.95109351182401
-1.6817930547102802,0.3498772915343421,105.4265560449695
-1.5776263880436137,0.3498772915343421,110.59208993675517
-1.473459721376947,0.3498772915343421,118.32465406427083
-1.3692930547102802,0.3498772915343421,126.66387617115194
-1.2651263880436137,0.3498772915343421,135.8388786844448
-1.160959721376947,0.3498772915343421,137.88331863296216
-1.0567930547102802,0.3498772915343421,147.1675464583897
-0.9526263880436137,0.3498772915343421,156.7531349934102
-0.8484597213769467,0.3498772915343421,165.62664624297267
-0.7442930547102802,0.3498772915343421,176.07403302686072
-0.6401263880436137,0.3498772915343421,185.88983322527335
-3.1401263880436137,0.3790439582010088,122.73877295211032
-3.035959721376947,0.3790439582010088,104.56202387779548
-2.93179305471028,0.3790439582010088,95.08567643466634
-2.8276263880436137,0.3790439582010088,89.7332890996515
-2.723459721376947,0.3790439582010088,101.75161318502228
-2.61929305471028,0.3790439582010088,102.59165756875811
-2.5151263880436137,0.3790439582010088,98.97993516686374
-2.4109597213769467,0.3790439582010088,99.54019636651941
-2.30679305471028,0.3790439582010088,99.8427937506099
-2.2026263880436137,0.3790439582010088,98.8267246447098
-2.0984597213769467,0.3790439582010088,104.9737775506859
-1.9942930547102802,0.3790439582010088,107.180326046783
-1.8901263880436137,0.3790439582010088,109.83588471550495
-1.785959721376947,0.3790439582010088,113.1296536961245
-1.6817930547102802,0.3790439582010088,119.46598541116768
-1.5776263880436137,0.3790439582010088,126.48646334721032
-1.473459721376947,0.3790439582010088,132.48561492127294
-1.3692930547102802,0.3790439582010088,139.17069174636646
-1.2651263880436137,0.3790439582010088,150.24454608824033
-1.160959721376947,0.3790439582010088,153.55069422422395
-1.0567930547102802,0.3790439582010088,161.73711150422295
-0.9526263880436137,0.3790439582010088,172.95800021112373
-0.8484597213769467,0.3790439582010088,182.5494317604629
-0.7442930547102802,0.3790439582010088,193.06278417052553
-0.6401263880436137,0.3790439582010088,202.94040228419172
-3.1401263880436137,0.40821062486767545,134.81024943475126
-3.035959721376947,0.40821062486767545,118.27760063092906
-2.93179305471028,0.40821062486767545,110.52200034779705
-2.8276263880436137,0.40821062486767545,104.61927445650929
-2.723459721376947,0.40821062486767545,114.45502901045516
-2.61929305471028,0.40821062486767545,118.28486292584088
-2.5151263880436137,0.40821062486767545,114.80861844572806
-2.4109597213769467,0.40821062486767545,112.26098263520127
-2.30679305471028,0.40821062486767545,115.59262416999695
-2.2026263880436137,0.40821062486767545,116.24428986161956
-2.0984597213769467,0.40821062486767545,117.76267316338819
-1.9942930547102802,0.40821062486767545,121.82351018115413
-1.8901263880436137,0.40821062486767545,128.2712645864191
-1.785959721376947,0.40821062486767545,131.65918884024515
-1.6817930547102802,0.40821062486767545,136.33538526754893
-1.5776263880436137,0.40821062486767545,143.69849685993702
-1.473459721376947,0.40821062486767545,151.78420613651787
-1.3692930547102802,0.40821062486767545,158.5430526227833
-1.2651263880436137,0.40821062486767545,166.12745342954108
-1.160959721376947,0.40821062486767545,169.76277301097576
-1.0567930547102802,0.40821062486767545,178.0095090575626
-0.9526263880436137,0.40821062486767545,189.6154874976761
-0.8484597213769467,0.40821062486767545,196.98662574211622
-0.7442930547102802,0.40821062486767545,210.09104982846395
-0.6401263880436137,0.40821062486767545,220.01340148950143
